Date,Subs
10/02/2010,0
10/03/2010,3
10/04/2010,6
10/05/2010,9
10/06/2010,12
10/07/2010,15
10/08/2010,18
10/09/2010,21
10/10/2010,24
10/11/2010,27
10/12/2010,30
10/13/2010,33
10/14/2010,36
10/15/2010,39
10/16/2010,42
10/17/2010,45
10/18/2010,48
10/19/2010,53
10/20/2010,58
10/21/2010,63
10/22/2010,68
10/23/2010,73
10/24/2010,78
10/25/2010,83
10/26/2010,88
10/27/2010,93
10/28/2010,104
10/29/2010,115
10/30/2010,126
10/31/2010,137
11/01/2010,148
11/02/2010,159
11/03/2010,170
11/04/2010,181
11/05/2010,192
11/06/2010,203
11/07/2010,214
11/08/2010,225
11/09/2010,236
11/10/2010,247
11/11/2010,258
11/12/2010,269
11/13/2010,280
11/14/2010,291
11/15/2010,302
11/16/2010,313
11/17/2010,324
11/18/2010,335
11/19/2010,346
11/20/2010,357
11/21/2010,368
11/22/2010,379
11/23/2010,390
11/24/2010,401
11/25/2010,412
11/26/2010,423
11/27/2010,434
11/28/2010,445
11/29/2010,456
11/30/2010,467
12/01/2010,478
12/02/2010,489
12/03/2010,500
12/04/2010,511
12/05/2010,522
12/06/2010,533
12/07/2010,544
12/08/2010,555
12/09/2010,566
12/10/2010,577
12/11/2010,588
12/12/2010,599
12/13/2010,610
12/14/2010,621
12/15/2010,632
12/16/2010,643
12/17/2010,662
12/18/2010,681
12/19/2010,700
12/20/2010,719
12/21/2010,738
12/22/2010,757
12/23/2010,776
12/24/2010,795
12/25/2010,814
12/26/2010,833
12/27/2010,852
12/28/2010,871
12/29/2010,890
12/30/2010,909
12/31/2010,928
01/01/2011,947
01/02/2011,966
01/03/2011,985
01/04/2011,1004
01/05/2011,1023
01/06/2011,1042
01/07/2011,1061
01/08/2011,1080
01/09/2011,1099
01/10/2011,1118
01/11/2011,1143
01/12/2011,1168
01/13/2011,1193
01/14/2011,1218
01/15/2011,1243
01/16/2011,1268
01/17/2011,1293
01/18/2011,1318
01/19/2011,1343
01/20/2011,1368
01/21/2011,1393
01/22/2011,1418
01/23/2011,1443
01/24/2011,1468
01/25/2011,1493
01/26/2011,1518
01/27/2011,1543
01/28/2011,1568
01/29/2011,1593
01/30/2011,1618
01/31/2011,1657
02/01/2011,1696
02/02/2011,1735
02/03/2011,1774
02/04/2011,1813
02/05/2011,1852
02/06/2011,1891
02/07/2011,1930
02/08/2011,1969
02/09/2011,2008
02/10/2011,2047
02/11/2011,2086
02/12/2011,2125
02/13/2011,2164
02/14/2011,2203
02/15/2011,2242
02/16/2011,2281
02/17/2011,2320
02/18/2011,2359
02/19/2011,2398
02/20/2011,2437
02/21/2011,2476
02/22/2011,2515
02/23/2011,2554
02/24/2011,2593
02/25/2011,2632
02/26/2011,2671
02/27/2011,2710
02/28/2011,2749
03/01/2011,2788
03/02/2011,2827
03/03/2011,2858
03/04/2011,2859
03/12/2011,3040
03/13/2011,3049
03/14/2011,3073
03/15/2011,3097
03/16/2011,3113
03/17/2011,3133
03/18/2011,3155
03/19/2011,3683
03/20/2011,3776
03/21/2011,3846
03/22/2011,3896
03/23/2011,4900
03/24/2011,5554
03/25/2011,5662
03/27/2011,5826
03/28/2011,5885
03/29/2011,5943
03/30/2011,6027
03/31/2011,6122
04/01/2011,6176
04/02/2011,6212
04/03/2011,6260
04/04/2011,6315
04/05/2011,6349
04/06/2011,6422
04/07/2011,6483
04/08/2011,6543
04/09/2011,6602
04/10/2011,6657
04/11/2011,6679
04/12/2011,6733
04/13/2011,8044
04/14/2011,8211
04/15/2011,8309
04/16/2011,8342
04/17/2011,8437
04/18/2011,8611
04/19/2011,9481
04/20/2011,9933
04/21/2011,10130
04/22/2011,10377
04/23/2011,10529
04/24/2011,10686
04/25/2011,11081
04/26/2011,11174
04/27/2011,11312
04/28/2011,11413
04/29/2011,11505
04/30/2011,11595
05/01/2011,11691
05/02/2011,11796
05/03/2011,11896
05/04/2011,12011
05/05/2011,12031
05/06/2011,12092
05/07/2011,12238
05/08/2011,12330
05/09/2011,12379
05/10/2011,12425
05/11/2011,12445
05/12/2011,12530
05/13/2011,12592
05/14/2011,12652
05/15/2011,12707
05/16/2011,12790
05/17/2011,12856
05/18/2011,12951
05/19/2011,13002
05/20/2011,13009
05/21/2011,13047
05/22/2011,13109
05/24/2011,13230
05/25/2011,13268
05/26/2011,13329
05/27/2011,13427
05/28/2011,13493
05/29/2011,13516
05/30/2011,13570
05/31/2011,13656
06/01/2011,13759
06/02/2011,13860
06/03/2011,13943
06/05/2011,14159
06/06/2011,14243
06/07/2011,14311
06/08/2011,14335
06/09/2011,14381
06/10/2011,14422
06/11/2011,14469
06/12/2011,14538
06/13/2011,14623
06/14/2011,14698
06/15/2011,14782
06/16/2011,14861
06/17/2011,14918
06/18/2011,14982
06/19/2011,15077
06/20/2011,15158
06/21/2011,15224
06/22/2011,15276
06/23/2011,15397
06/24/2011,15454
06/25/2011,15465
06/26/2011,15537
06/27/2011,15617
06/28/2011,15687
06/29/2011,15797
06/30/2011,15933
07/01/2011,16010
07/02/2011,16078
07/03/2011,16116
07/04/2011,16164
07/05/2011,16275
07/06/2011,16345
07/07/2011,16427
07/08/2011,16498
07/09/2011,16572
07/10/2011,16654
07/11/2011,16725
07/12/2011,16862
07/13/2011,16970
07/14/2011,17239
07/15/2011,17463
07/16/2011,17554
07/17/2011,17671
07/18/2011,17825
07/19/2011,17958
07/20/2011,18076
07/21/2011,18201
07/22/2011,18459
07/23/2011,18613
07/24/2011,18776
07/25/2011,18925
07/26/2011,19046
07/27/2011,19116
07/28/2011,19164
07/30/2011,19362
07/31/2011,19451
08/01/2011,19546
08/02/2011,19626
08/03/2011,19718
08/04/2011,19807
08/05/2011,19893
08/06/2011,19987
08/07/2011,20157
08/08/2011,20258
08/09/2011,20364
08/10/2011,20452
08/11/2011,20574
08/12/2011,20731
08/13/2011,20907
08/14/2011,21078
08/15/2011,21343
08/16/2011,21594
08/17/2011,21907
08/18/2011,22126
08/19/2011,22358
08/20/2011,22516
08/21/2011,22713
08/22/2011,22854
08/23/2011,23001
08/24/2011,23101
08/25/2011,23263
08/26/2011,23404
08/27/2011,23605
08/28/2011,23892
08/29/2011,23984
08/30/2011,24287
08/31/2011,24481
09/01/2011,24548
09/02/2011,24647
09/03/2011,24920
09/04/2011,25084
09/05/2011,25154
09/06/2011,25472
09/07/2011,25626
09/08/2011,25785
09/09/2011,25922
09/10/2011,26082
09/11/2011,26336
09/12/2011,26504
09/13/2011,26619
09/14/2011,26752
09/15/2011,26869
09/16/2011,26982
09/17/2011,27149
09/18/2011,27421
09/19/2011,27573
09/20/2011,27701
09/21/2011,27845
09/22/2011,27969
09/23/2011,28068
09/24/2011,28239
09/25/2011,28438
09/26/2011,28610
09/27/2011,28764
09/28/2011,28948
09/29/2011,29128
09/30/2011,29300
10/01/2011,29503
10/02/2011,29727
10/03/2011,29901
10/04/2011,30025
10/05/2011,30202
10/06/2011,30489
10/07/2011,30730
10/08/2011,31108
10/09/2011,31604
10/10/2011,32073
10/11/2011,32508
10/12/2011,32924
10/13/2011,33306
10/14/2011,33744
10/15/2011,34270
10/16/2011,34853
10/17/2011,35522
10/18/2011,36161
10/19/2011,36654
10/20/2011,37195
10/21/2011,37596
10/22/2011,38030
10/23/2011,38504
10/24/2011,38814
10/25/2011,39098
10/26/2011,39362
10/27/2011,39621
10/28/2011,39848
10/29/2011,40138
10/30/2011,40430
10/31/2011,40763
11/01/2011,41109
11/02/2011,41459
11/03/2011,41788
11/04/2011,42122
11/05/2011,42563
11/06/2011,43065
11/07/2011,43459
11/08/2011,43774
11/09/2011,44107
11/10/2011,44820
11/11/2011,45783
11/12/2011,46525
11/13/2011,47210
11/14/2011,47759
11/15/2011,48241
11/16/2011,49061
11/17/2011,49988
11/18/2011,50711
11/19/2011,51438
11/20/2011,52121
11/21/2011,52723
11/22/2011,53310
11/23/2011,53899
11/24/2011,54420
11/25/2011,55368
11/26/2011,56331
11/27/2011,57166
11/28/2011,58015
11/29/2011,58716
11/30/2011,59461
12/01/2011,60119
12/02/2011,60967
12/03/2011,61867
12/04/2011,62784
12/05/2011,63990
12/06/2011,64761
12/07/2011,65933
12/08/2011,66890
12/09/2011,67786
12/10/2011,68846
12/11/2011,69834
12/12/2011,70680
12/13/2011,71477
12/14/2011,72195
12/15/2011,72881
12/16/2011,73647
12/17/2011,74547
12/18/2011,75609
12/19/2011,76492
12/20/2011,77324
12/21/2011,78134
12/22/2011,79023
12/23/2011,79937
12/24/2011,80561
12/25/2011,81152
12/26/2011,81756
12/27/2011,82466
12/28/2011,83172
12/29/2011,83961
12/30/2011,84661
12/31/2011,85261
01/01/2012,85953
01/02/2012,86737
01/03/2012,87427
01/04/2012,88053
01/05/2012,88660
01/06/2012,89240
01/07/2012,90026
01/08/2012,91021
01/09/2012,91971
01/10/2012,92759
01/11/2012,93582
01/12/2012,93313
01/13/2012,94320
01/14/2012,95482
01/15/2012,96783
01/16/2012,97909
01/17/2012,98889
01/18/2012,100757
01/19/2012,102724
01/20/2012,104380
01/21/2012,106454
01/22/2012,108424
01/23/2012,109997
01/24/2012,111737
01/25/2012,113493
01/26/2012,115013
01/27/2012,116534
01/28/2012,118549
01/29/2012,121974
01/30/2012,123955
01/31/2012,125880
02/01/2012,128074
02/02/2012,129971
02/03/2012,131887
02/04/2012,134089
02/05/2012,136289
02/06/2012,138238
02/07/2012,140086
02/08/2012,142002
02/09/2012,143793
02/10/2012,145697
02/11/2012,147907
02/12/2012,150412
02/13/2012,152243
02/14/2012,154295
02/15/2012,156243
02/16/2012,158167
02/17/2012,160255
02/18/2012,162854
02/19/2012,165667
02/20/2012,168245
02/21/2012,170615
02/22/2012,172982
02/23/2012,175443
02/24/2012,178197
02/25/2012,182619
02/26/2012,188315
02/27/2012,193803
02/28/2012,200321
02/29/2012,207351
03/01/2012,211256
03/02/2012,215043
03/03/2012,219205
03/04/2012,223461
03/05/2012,226771
03/06/2012,229640
03/07/2012,232230
03/08/2012,234521
03/09/2012,236911
03/10/2012,240577
03/11/2012,244793
03/12/2012,248769
03/13/2012,252399
03/14/2012,255700
03/15/2012,259092
03/16/2012,262318
03/17/2012,266208
03/18/2012,270325
03/19/2012,273656
03/20/2012,276837
03/21/2012,279857
03/22/2012,282747
03/23/2012,285727
03/24/2012,289363
03/25/2012,293212
03/26/2012,296445
03/27/2012,299711
03/28/2012,302790
03/29/2012,305702
03/30/2012,308762
03/31/2012,312451
04/01/2012,316592
04/02/2012,320389
04/03/2012,323855
04/04/2012,327236
04/05/2012,331088
04/06/2012,335481
04/07/2012,340088
04/08/2012,344393
04/09/2012,349719
04/10/2012,354348
04/11/2012,359243
04/12/2012,363582
04/13/2012,367374
04/14/2012,371744
04/15/2012,376581
04/16/2012,381059
04/17/2012,385600
04/18/2012,389738
04/19/2012,394355
04/20/2012,398404
04/21/2012,403689
04/22/2012,409258
04/23/2012,413438
04/24/2012,417381
04/25/2012,421308
04/26/2012,425282
04/27/2012,429325
04/28/2012,434065
04/29/2012,439818
04/30/2012,444282
05/01/2012,448569
05/02/2012,452286
05/03/2012,455812
05/04/2012,459765
05/05/2012,466823
05/06/2012,476427
05/07/2012,486105
05/08/2012,496275
05/09/2012,503641
05/10/2012,506863
05/11/2012,516021
05/12/2012,523710
05/13/2012,531531
05/14/2012,537302
05/15/2012,543251
05/16/2012,548972
05/17/2012,554100
05/18/2012,559737
05/19/2012,566381
05/20/2012,573601
05/21/2012,579904
05/22/2012,585855
05/23/2012,591912
05/24/2012,597356
05/25/2012,601627
05/26/2012,608190
05/27/2012,614717
05/28/2012,621355
05/29/2012,627828
05/30/2012,634114
05/31/2012,640671
06/01/2012,647187
06/02/2012,654078
06/03/2012,661745
06/04/2012,668602
06/05/2012,675747
06/06/2012,682782
06/07/2012,690243
06/08/2012,697418
06/09/2012,704791
06/10/2012,713842
06/11/2012,722338
06/12/2012,730559
06/13/2012,738396
06/14/2012,745482
06/15/2012,752223
06/16/2012,759288
06/17/2012,766738
06/18/2012,773743
06/19/2012,780601
06/20/2012,787330
06/21/2012,793762
06/22/2012,800242
06/23/2012,807448
06/24/2012,816002
06/25/2012,825014
06/26/2012,835350
06/27/2012,844126
06/28/2012,852157
06/29/2012,860642
06/30/2012,868400
07/01/2012,877567
07/02/2012,888321
07/03/2012,899661
07/04/2012,910031
07/05/2012,920488
07/06/2012,933424
07/07/2012,946160
07/08/2012,959956
07/09/2012,974900
07/10/2012,988255
07/11/2012,1002877
07/12/2012,1017580
07/13/2012,1032110
07/14/2012,1046379
07/15/2012,1061712
07/16/2012,1077044
07/17/2012,1092190
07/18/2012,1108465
07/19/2012,1124035
07/20/2012,1141827
07/21/2012,1159423
07/22/2012,1176413
07/23/2012,1193044
07/24/2012,1208607
07/25/2012,1224918
07/26/2012,1240156
07/27/2012,1254729
07/28/2012,1268330
07/29/2012,1282023
07/30/2012,1295841
07/31/2012,1309152
08/01/2012,1321715
08/02/2012,1334147
08/03/2012,1346825
08/04/2012,1357881
08/05/2012,1370669
08/06/2012,1384363
08/07/2012,1396750
08/08/2012,1408996
08/09/2012,1421114
08/10/2012,1434115
08/11/2012,1446837
08/12/2012,1459547
08/13/2012,1473265
08/14/2012,1485715
08/15/2012,1497211
08/16/2012,1509012
08/17/2012,1521153
08/18/2012,1535326
08/19/2012,1549441
08/20/2012,1563416
08/21/2012,1576860
08/22/2012,1589136
08/23/2012,1600120
08/24/2012,1611718
08/25/2012,1625689
08/26/2012,1641005
08/27/2012,1653277
08/28/2012,1663784
08/29/2012,1674655
08/30/2012,1685144
08/31/2012,1695553
09/01/2012,1708435
09/02/2012,1733319
09/03/2012,1761319
09/04/2012,1777277
09/05/2012,1789768
09/06/2012,1803182
09/07/2012,1816188
09/08/2012,1832101
09/09/2012,1850600
09/10/2012,1863892
09/11/2012,1875674
09/12/2012,1889892
09/13/2012,1902008
09/14/2012,1914876
09/15/2012,1931965
09/16/2012,1950554
09/17/2012,1966414
09/18/2012,1979335
09/19/2012,1988513
09/20/2012,2001837
09/21/2012,2015105
09/22/2012,2030280
09/23/2012,2046223
09/24/2012,2059221
09/25/2012,2071457
09/26/2012,2083514
09/27/2012,2112311
09/28/2012,2124246
09/29/2012,2141145
09/30/2012,2157452
10/01/2012,2172242
10/02/2012,2186156
10/03/2012,2199620
10/04/2012,2212302
10/05/2012,2224749
10/06/2012,2238666
10/07/2012,2254553
10/08/2012,2266740
10/09/2012,2279011
10/10/2012,2290875
10/11/2012,2303095
10/12/2012,2315415
10/13/2012,2331139
10/14/2012,2347160
10/15/2012,2358915
10/16/2012,2370766
10/17/2012,2381327
10/18/2012,2392531
10/19/2012,2405080
10/20/2012,2421152
10/21/2012,2435270
10/22/2012,2451970
10/23/2012,2454728
10/24/2012,2466592
10/25/2012,2478020
10/26/2012,2489591
10/27/2012,2504314
10/28/2012,2523344
10/29/2012,2538752
10/30/2012,2548592
10/31/2012,2560141
11/01/2012,2573841
11/02/2012,2586887
11/03/2012,2601286
11/04/2012,2619902
11/05/2012,2632822
11/06/2012,2645552
11/07/2012,2657444
11/08/2012,2668611
11/09/2012,2680337
11/10/2012,2695742
11/11/2012,2711647
11/12/2012,2723974
11/13/2012,2733720
11/14/2012,2744241
11/15/2012,2755031
11/16/2012,2767216
11/17/2012,2782576
11/18/2012,2798785
11/19/2012,2812268
11/20/2012,2824599
11/21/2012,2839036
11/22/2012,2852335
11/23/2012,2866674
11/24/2012,2883788
11/25/2012,2900883
11/26/2012,2913922
11/27/2012,2926185
11/28/2012,2938021
11/29/2012,2948827
11/30/2012,2960186
12/01/2012,2973144
12/02/2012,2986376
12/03/2012,2997549
12/04/2012,3007983
12/05/2012,3018769
12/06/2012,3031635
12/07/2012,3048904
12/08/2012,3069111
12/09/2012,3089665
12/10/2012,3105937
12/11/2012,3122027
12/12/2012,3140604
12/13/2012,3160952
12/14/2012,3180193
12/15/2012,3204789
12/16/2012,3229273
12/17/2012,3250255
12/18/2012,3270532
12/19/2012,3292760
12/20/2012,3314490
12/21/2012,3337071
12/22/2012,3359522
12/23/2012,3381581
12/24/2012,3401640
12/25/2012,3426955
12/26/2012,3451114
12/27/2012,3477790
12/28/2012,3504006
12/29/2012,3528185
12/30/2012,3550553
12/31/2012,3572851
01/01/2013,3601177
01/02/2013,3630039
01/03/2013,3656172
01/04/2013,3684341
01/05/2013,3708962
01/06/2013,3734484
01/07/2013,3757729
01/08/2013,3779771
01/09/2013,3802309
01/10/2013,3825574
01/11/2013,3850671
01/12/2013,3882359
01/13/2013,3913555
01/14/2013,3937727
01/15/2013,3961793
01/16/2013,3987316
01/17/2013,4009576
01/18/2013,4036497
01/19/2013,4066072
01/20/2013,4096286
01/21/2013,4127773
01/22/2013,4155615
01/23/2013,4179769
01/24/2013,4203579
01/25/2013,4228329
01/26/2013,4255840
01/27/2013,4285209
01/28/2013,4306869
01/29/2013,4328188
01/30/2013,4348060
01/31/2013,4366507
02/01/2013,4385248
02/02/2013,4410990
02/03/2013,4435437
02/04/2013,4456008
02/05/2013,4475614
02/06/2013,4525059
02/07/2013,4594683
02/08/2013,4631292
02/09/2013,4673426
02/10/2013,4714179
02/11/2013,4749842
02/12/2013,4781080
02/13/2013,4809443
02/14/2013,4836839
02/15/2013,4871468
02/16/2013,4910290
02/17/2013,4953519
02/18/2013,4995527
02/19/2013,5031560
02/20/2013,5060541
02/21/2013,5090533
02/22/2013,5126634
02/23/2013,5160284
02/24/2013,5194269
02/25/2013,5221290
02/26/2013,5247603
02/27/2013,5271259
02/28/2013,5288095
03/01/2013,5306332
03/02/2013,5331557
03/03/2013,5359108
03/04/2013,5379292
03/05/2013,5400884
03/06/2013,5421193
03/07/2013,5440694
03/08/2013,5459848
03/09/2013,5486923
03/10/2013,5515405
03/11/2013,5539841
03/12/2013,5560870
03/13/2013,5585863
03/14/2013,5611010
03/15/2013,5635226
03/16/2013,5666808
03/17/2013,5698856
03/18/2013,5726302
03/19/2013,5751817
03/20/2013,5778247
03/21/2013,5804437
03/22/2013,5832000
03/23/2013,5867194
03/24/2013,5899023
03/25/2013,5925158
03/26/2013,5951822
03/27/2013,5978840
03/28/2013,6008326
03/29/2013,6044775
03/30/2013,6083570
03/31/2013,6118139
04/01/2013,6158126
04/02/2013,6193564
04/03/2013,6235325
04/04/2013,6276900
04/05/2013,6319254
04/06/2013,6360394
04/07/2013,6404575
04/08/2013,6443713
04/09/2013,6479958
04/10/2013,6516339
04/11/2013,6552896
04/12/2013,6589999
04/13/2013,6631043
04/14/2013,6675462
04/15/2013,6712742
04/16/2013,6749108
04/17/2013,6784920
04/18/2013,6819914
04/19/2013,6858318
04/20/2013,6898279
04/21/2013,6941497
04/22/2013,6977691
04/23/2013,7012232
04/24/2013,7052229
04/25/2013,7090329
04/26/2013,7129031
04/27/2013,7173258
04/28/2013,7218272
04/29/2013,7259331
04/30/2013,7291447
05/01/2013,7327926
05/02/2013,7360316
05/03/2013,7394846
05/04/2013,7426820
05/05/2013,7457565
05/06/2013,7486499
05/07/2013,7512755
05/08/2013,7540698
05/09/2013,7571964
05/10/2013,7601330
05/11/2013,7636937
05/12/2013,7671038
05/13/2013,7699596
05/14/2013,7726053
05/15/2013,7759302
05/16/2013,7787586
05/17/2013,7811337
05/18/2013,7843356
05/19/2013,7868859
05/20/2013,7891053
05/21/2013,7914113
05/22/2013,7933362
05/23/2013,7957591
05/24/2013,7983049
05/25/2013,8018696
05/26/2013,8049033
05/27/2013,8080582
05/28/2013,8121042
05/29/2013,8159361
05/30/2013,8193602
05/31/2013,8222037
06/01/2013,8259913
06/02/2013,8298908
06/03/2013,8337433
06/04/2013,8373366
06/05/2013,8412854
06/06/2013,8452609
06/07/2013,8487716
06/08/2013,8528789
06/09/2013,8568429
06/10/2013,8608719
06/11/2013,8652820
06/12/2013,8693434
06/13/2013,8735085
06/14/2013,8781758
06/15/2013,8832514
06/16/2013,8884404
06/17/2013,8934845
06/18/2013,8977818
06/19/2013,9032141
06/20/2013,9080956
06/21/2013,9138562
06/22/2013,9189989
06/23/2013,9249647
06/24/2013,9298172
06/25/2013,9356108
06/26/2013,9401400
06/27/2013,9455187
06/28/2013,9505203
06/29/2013,9551008
06/30/2013,9599578
07/01/2013,9655556
07/02/2013,9706392
07/03/2013,9749048
07/04/2013,9798181
07/05/2013,9842104
07/06/2013,9892848
07/07/2013,9947388
07/08/2013,9994245
07/09/2013,10058670
07/10/2013,10125646
07/11/2013,10181676
07/12/2013,10235814
07/13/2013,10291196
07/14/2013,10344995
07/15/2013,10404579
07/16/2013,10454949
07/17/2013,10503419
07/18/2013,10555390
07/19/2013,10607547
07/20/2013,10664272
07/21/2013,10715379
07/22/2013,10769454
07/23/2013,10812784
07/24/2013,10863053
07/25/2013,10911280
07/26/2013,10960263
07/27/2013,11012528
07/28/2013,11063657
07/29/2013,11123498
07/30/2013,11179772
07/31/2013,11230607
08/01/2013,11273459
08/02/2013,11322120
08/03/2013,11367384
08/04/2013,11414531
08/05/2013,11468146
08/06/2013,11515928
08/07/2013,11567771
08/08/2013,11610629
08/09/2013,11660582
08/10/2013,11707086
08/11/2013,11748843
08/12/2013,11788406
08/13/2013,11830688
08/14/2013,11873461
08/15/2013,11915435
08/16/2013,11961822
08/17/2013,12008408
08/18/2013,12051332
08/19/2013,12094077
08/20/2013,12138717
08/21/2013,12189973
08/22/2013,12234359
08/23/2013,12274435
08/24/2013,12314433
08/25/2013,12366370
08/26/2013,12400020
08/27/2013,12435459
08/28/2013,12473566
08/29/2013,12508575
08/30/2013,12546612
08/31/2013,12583728
09/01/2013,12629360
09/02/2013,12670149
09/03/2013,12702136
09/04/2013,12744437
09/05/2013,12786282
09/06/2013,12825989
09/07/2013,12878000
09/08/2013,12925578
09/09/2013,12968211
09/10/2013,13004389
09/11/2013,13042887
09/12/2013,13082443
09/13/2013,13127243
09/14/2013,13184146
09/15/2013,13239063
09/16/2013,13284326
09/17/2013,13323003
09/18/2013,13346357
09/19/2013,13372772
09/20/2013,13412116
09/21/2013,13473628
09/22/2013,13523468
09/23/2013,13573439
09/24/2013,13611915
09/25/2013,13648677
09/26/2013,13685982
09/27/2013,13726412
09/28/2013,13807746
09/29/2013,13858582
09/30/2013,13900593
10/01/2013,13942360
10/02/2013,13980719
10/03/2013,14022510
10/04/2013,14061312
10/05/2013,14106106
10/06/2013,14143899
10/07/2013,14178046
10/08/2013,14210689
10/09/2013,14242476
10/10/2013,14275907
10/11/2013,14311634
10/12/2013,14352346
10/13/2013,14390666
10/14/2013,14426383
10/15/2013,14461817
10/16/2013,14496105
10/17/2013,14531163
10/18/2013,14569293
10/19/2013,14602319
10/20/2013,14647630
10/21/2013,14679458
10/22/2013,14709116
10/23/2013,14740893
10/24/2013,14772467
10/25/2013,14801924
10/26/2013,14834859
10/27/2013,14869335
10/28/2013,14898022
10/29/2013,14927467
10/30/2013,14964638
10/31/2013,14996838
11/01/2013,15030095
11/02/2013,15074742
11/03/2013,15113557
11/04/2013,15145161
11/05/2013,15148957
11/06/2013,15268641
11/07/2013,15344436
11/08/2013,15419688
11/09/2013,15489185
11/10/2013,15560756
11/11/2013,15630682
11/12/2013,15708431
11/13/2013,15795868
11/14/2013,15861270
11/15/2013,15940013
11/16/2013,16016731
11/17/2013,16045861
11/18/2013,16125535
11/19/2013,16202331
11/20/2013,16202331
11/21/2013,16342877
11/22/2013,16342877
11/23/2013,16500161
11/24/2013,16500161
11/25/2013,16622641
11/26/2013,16725245
11/27/2013,16784591
11/28/2013,16837855
11/29/2013,16883092
11/30/2013,16963909
12/01/2013,17066539
12/02/2013,17116544
12/03/2013,17164759
12/04/2013,17229479
12/05/2013,17267274
12/06/2013,17336402
12/07/2013,17437710
12/08/2013,17469320
12/09/2013,17553107
12/10/2013,17609974
12/11/2013,17686610
12/12/2013,17770738
12/13/2013,17834143
12/14/2013,17898431
12/15/2013,17970079
12/16/2013,18056749
12/17/2013,18111774
12/18/2013,18191005
12/19/2013,18244358
12/20/2013,18330102
12/21/2013,18416715
12/22/2013,18494328
12/23/2013,18577629
12/24/2013,18652818
12/25/2013,18753385
12/26/2013,18832505
12/27/2013,18927579
12/28/2013,19002552
12/29/2013,19085078
12/30/2013,19181355
12/31/2013,19253917
01/01/2014,19322790
01/02/2014,19409954
01/03/2014,19503517
01/04/2014,19578428
01/05/2014,19656356
01/06/2014,19751066
01/07/2014,19841751
01/08/2014,19918402
01/09/2014,20010912
01/10/2014,20080177
01/11/2014,20181340
01/12/2014,20271276
01/13/2014,20341564
01/14/2014,20427763
01/15/2014,20513261
01/16/2014,20592372
01/17/2014,20663463
01/18/2014,20746300
01/19/2014,20826666
01/20/2014,20903694
01/21/2014,20954357
01/22/2014,21031762
01/23/2014,21105672
01/24/2014,21177630
01/25/2014,21283581
01/26/2014,21362325
01/27/2014,21429573
01/28/2014,21515655
01/29/2014,21593243
01/30/2014,21654880
01/31/2014,21733827
02/01/2014,21811219
02/02/2014,21896940
02/03/2014,21997306
02/04/2014,22066912
02/05/2014,22155100
02/06/2014,22211800
02/07/2014,22292188
02/08/2014,22359371
02/09/2014,22460683
02/10/2014,22573205
02/11/2014,22651570
02/12/2014,22736076
02/13/2014,22736076
02/14/2014,22736076
02/15/2014,22736076
02/16/2014,22736076
02/17/2014,23121649
02/18/2014,23208581
02/19/2014,23278680
02/20/2014,23354811
02/21/2014,23438291
02/22/2014,23524387
02/23/2014,23618628
02/24/2014,23701121
02/25/2014,23762040
02/26/2014,23835897
02/27/2014,23902192
02/28/2014,23977581
03/01/2014,24039784
03/02/2014,24112247
03/03/2014,24201996
03/04/2014,24225256
03/05/2014,24303072
03/06/2014,24402628
03/07/2014,24464275
03/08/2014,24572812
03/09/2014,24642861
03/10/2014,24719658
03/11/2014,24795890
03/12/2014,24865356
03/13/2014,24942374
03/14/2014,24969487
03/15/2014,25001459
03/16/2014,25036050
03/17/2014,25064782
03/18/2014,25097373
03/19/2014,25122322
03/20/2014,25154907
03/21/2014,25184713
03/22/2014,25223169
03/23/2014,25258248
03/24/2014,25284439
03/25/2014,25313854
03/26/2014,25344758
03/27/2014,25371286
03/28/2014,25399031
03/29/2014,25437579
03/30/2014,25476492
03/31/2014,25508769
04/01/2014,25536636
04/02/2014,25564897
04/03/2014,25592947
04/04/2014,25619841
04/05/2014,25657949
04/06/2014,25696785
04/07/2014,25726003
04/08/2014,25758010
04/09/2014,25783773
04/10/2014,25817928
04/11/2014,25843510
04/12/2014,25876543
04/13/2014,25912339
04/14/2014,25940567
04/15/2014,25972029
04/16/2014,26003536
04/17/2014,26033587
04/18/2014,26062360
04/19/2014,26094007
04/20/2014,26124233
04/21/2014,26149833
04/22/2014,26179208
04/23/2014,26202706
04/24/2014,26229190
04/25/2014,26254554
04/26/2014,26284970
04/27/2014,26319980
04/28/2014,26345071
04/29/2014,26373861
04/30/2014,26398465
05/01/2014,26422321
05/02/2014,26446112
05/03/2014,26476186
05/04/2014,26507364
05/05/2014,26531364
05/06/2014,26552458
05/07/2014,26575718
05/08/2014,26597669
05/09/2014,26626084
05/10/2014,26659604
05/11/2014,26667691
05/12/2014,26721768
05/13/2014,26721768
05/14/2014,26789291
05/15/2014,26805907
05/16/2014,26845566
05/17/2014,26875127
05/18/2014,26908188
05/19/2014,26938968
05/20/2014,26968704
05/21/2014,26993702
05/22/2014,27018695
05/23/2014,27045987
05/24/2014,27075582
05/25/2014,27104643
05/26/2014,27134560
05/27/2014,27160672
05/28/2014,27189904
05/29/2014,27221098
05/30/2014,27250040
05/31/2014,27283686
06/01/2014,27318061
06/02/2014,27348047
06/03/2014,27376952
06/04/2014,27403724
06/05/2014,27436212
06/06/2014,27465475
06/07/2014,27496573
06/08/2014,27532278
06/09/2014,27564009
06/10/2014,27593430
06/11/2014,27626013
06/12/2014,27630556
06/13/2014,27685432
06/14/2014,27714983
06/15/2014,27753478
06/16/2014,27435696
06/17/2014,27804036
06/18/2014,27849324
06/19/2014,27885141
06/20/2014,27917386
06/21/2014,27952704
06/22/2014,27988541
06/23/2014,28026504
06/24/2014,28063784
06/25/2014,28094573
06/26/2014,27958334
06/27/2014,27990092
06/28/2014,28022987
06/29/2014,28055192
06/30/2014,28088651
07/01/2014,28124568
07/02/2014,28156015
07/03/2014,28187694
07/04/2014,28214805
07/05/2014,28248330
07/06/2014,28281282
07/07/2014,28315181
07/08/2014,28349380
07/09/2014,28381441
07/10/2014,28414037
07/11/2014,28443585
07/12/2014,28476507
07/13/2014,28505766
07/14/2014,28545723
07/15/2014,28578889
07/16/2014,28610414
07/17/2014,28645308
07/18/2014,28676075
07/19/2014,28710311
07/20/2014,28744379
07/21/2014,28782600
07/22/2014,28825211
07/23/2014,28861039
07/24/2014,28897996
07/25/2014,28938808
07/26/2014,28984273
07/27/2014,29024324
07/28/2014,29062349
07/29/2014,29105972
07/30/2014,29148630
07/31/2014,29194078
08/01/2014,29234053
08/02/2014,29270602
08/03/2014,29307868
08/04/2014,29348651
08/05/2014,29386630
08/06/2014,29424253
08/07/2014,29461095
08/08/2014,29499117
08/09/2014,29533090
08/10/2014,29571096
08/11/2014,29610681
08/12/2014,29641616
08/13/2014,29678671
08/14/2014,29714238
08/15/2014,29748829
08/16/2014,29783274
08/17/2014,29819212
08/18/2014,29852876
08/19/2014,29887312
08/20/2014,29918765
08/21/2014,29955977
08/22/2014,29992285
08/23/2014,30029069
08/24/2014,30066718
08/25/2014,30098592
08/26/2014,30112781
08/27/2014,30154732
08/28/2014,30186629
08/29/2014,30221596
08/30/2014,30259564
08/31/2014,30301944
09/01/2014,30334671
09/02/2014,30364583
09/03/2014,30394692
09/04/2014,30425932
09/05/2014,30453780
09/06/2014,30486960
09/07/2014,30517721
09/08/2014,30543174
09/09/2014,30566404
09/10/2014,30590644
09/11/2014,30612155
09/12/2014,30630637
09/13/2014,30661562
09/14/2014,30691376
09/15/2014,30714064
09/16/2014,30736548
09/17/2014,30759128
09/18/2014,30780628
09/19/2014,30802763
09/20/2014,30833042
09/21/2014,30865306
09/22/2014,30888996
09/23/2014,30913131
09/24/2014,30939235
09/25/2014,30962239
09/26/2014,30985232
09/27/2014,31018357
09/28/2014,31053773
09/29/2014,31080557
09/30/2014,31103783
10/01/2014,31128341
10/02/2014,31141915
10/03/2014,31174472
10/04/2014,31200563
10/05/2014,31227399
10/06/2014,31251570
10/07/2014,31275141
10/08/2014,31297743
10/09/2014,31300102
10/10/2014,31348525
10/11/2014,31374053
10/12/2014,31398049
10/13/2014,31406280
10/14/2014,31444571
10/15/2014,31469117
10/16/2014,31492713
10/17/2014,31516937
10/18/2014,31547245
10/19/2014,31568410
10/20/2014,31602163
10/21/2014,31624099
10/22/2014,31643624
10/23/2014,31666009
10/24/2014,31689447
10/25/2014,31716500
10/26/2014,31749451
10/27/2014,31774466
10/28/2014,31800201
10/29/2014,31820865
10/30/2014,31844411
10/31/2014,31864907
11/01/2014,31888382
11/02/2014,31917814
11/03/2014,31944000
11/04/2014,31960406
11/05/2014,31983929
11/06/2014,32005743
11/07/2014,32028331
11/08/2014,32053736
11/09/2014,32078210
11/10/2014,32098194
11/11/2014,32118308
11/12/2014,32140963
11/13/2014,32162864
11/14/2014,32186150
11/15/2014,32213786
11/16/2014,32242404
11/17/2014,32265355
11/18/2014,32286049
11/19/2014,32305498
11/20/2014,32325008
11/21/2014,32343932
11/22/2014,32369274
11/23/2014,32395469
11/24/2014,32418188
11/25/2014,32440541
11/26/2014,32462480
11/27/2014,32481527
11/28/2014,32503479
11/29/2014,32527942
11/30/2014,32553574
12/01/2014,32574419
12/02/2014,32507920
12/03/2014,32531732
12/04/2014,32555089
12/05/2014,32579345
12/06/2014,32608034
12/07/2014,32635944
12/08/2014,32657375
12/09/2014,32681262
12/10/2014,32708285
12/11/2014,32730839
12/12/2014,32755953
12/13/2014,32784590
12/14/2014,32812301
12/15/2014,32832980
12/16/2014,32854457
12/17/2014,32879080
12/18/2014,32902369
12/19/2014,32925159
12/20/2014,32949927
12/21/2014,32978894
12/22/2014,33004437
12/23/2014,33027430
12/24/2014,33060446
12/25/2014,33100305
12/26/2014,33128032
12/27/2014,33166737
12/28/2014,33197660
12/29/2014,33230116
12/30/2014,33261546
12/31/2014,33291123
01/01/2015,33317710
01/02/2015,33350694
01/03/2015,33382605
01/04/2015,33423500
01/05/2015,33451947
01/06/2015,33479257
01/07/2015,33506347
01/08/2015,33529110
01/09/2015,33554382
01/10/2015,33585579
01/11/2015,33621024
01/12/2015,33646503
01/13/2015,33678245
01/14/2015,33709499
01/15/2015,33734328
01/16/2015,33762059
01/17/2015,33791643
01/18/2015,33829511
01/19/2015,33866083
01/20/2015,33883090
01/21/2015,33909032
01/22/2015,33936753
01/23/2015,33957771
01/24/2015,33995270
01/25/2015,34031626
01/26/2015,34062616
01/27/2015,34089516
01/28/2015,34116362
01/29/2015,34138372
01/30/2015,34166537
01/31/2015,34199045
02/01/2015,34229726
02/02/2015,34258657
02/03/2015,34285885
02/04/2015,34309394
02/05/2015,34333304
02/06/2015,34353329
02/07/2015,34384353
02/08/2015,34418317
02/09/2015,34440634
02/10/2015,34464285
02/11/2015,34488770
02/12/2015,34520442
02/13/2015,34542861
02/14/2015,34572101
02/15/2015,34603601
02/16/2015,34630875
02/17/2015,34659240
02/18/2015,34679285
02/19/2015,34700285
02/20/2015,34722746
02/21/2015,34750426
02/22/2015,34775393
02/23/2015,34798537
02/24/2015,34823759
02/25/2015,34843002
02/26/2015,34863525
02/27/2015,34885795
02/28/2015,34912650
03/01/2015,34940415
03/02/2015,34962508
03/03/2015,34987129
03/04/2015,35015713
03/05/2015,35039159
03/06/2015,35068120
03/07/2015,35103332
03/08/2015,35133304
03/09/2015,35160232
03/10/2015,35184412
03/11/2015,35207237
03/12/2015,35226942
03/13/2015,35249748
03/14/2015,35284307
03/15/2015,35313656
03/16/2015,35335284
03/17/2015,35357745
03/18/2015,35379655
03/19/2015,35400010
03/20/2015,35419563
03/21/2015,35448109
03/22/2015,35484608
03/23/2015,35510488
03/24/2015,35530259
03/25/2015,35551101
03/26/2015,35572070
03/27/2015,35593901
03/28/2015,35620852
03/29/2015,35645265
03/30/2015,35667825
03/31/2015,35694304
04/01/2015,35719263
04/02/2015,35743166
04/03/2015,35767905
04/04/2015,35793507
04/05/2015,35816191
04/06/2015,35839471
04/07/2015,35864417
04/08/2015,35889031
04/09/2015,35909577
04/10/2015,35929657
04/11/2015,35952699
04/12/2015,35976123
04/13/2015,35994198
04/14/2015,36016585
04/15/2015,36034234
04/16/2015,36050328
04/17/2015,36069409
04/18/2015,36095152
04/19/2015,36120669
04/20/2015,36145302
04/21/2015,36168682
04/22/2015,36187481
04/23/2015,36201763
04/24/2015,36216419
04/25/2015,36237622
04/26/2015,36260126
04/27/2015,36280158
04/28/2015,36300608
04/29/2015,36319003
04/30/2015,36332909
05/01/2015,36348792
05/02/2015,36371377
05/03/2015,36397372
05/04/2015,36417846
05/05/2015,36436352
05/06/2015,36454721
05/07/2015,36473834
05/08/2015,36492849
05/09/2015,36516003
05/10/2015,36541753
05/11/2015,36561693
05/12/2015,36578587
05/13/2015,36594341
05/14/2015,36607520
05/15/2015,36620424
05/16/2015,36639627
05/17/2015,36659647
05/18/2015,36676320
05/19/2015,36691732
05/20/2015,36708445
05/21/2015,36723831
05/22/2015,36740254
05/23/2015,36760492
05/24/2015,36780403
05/25/2015,36802252
05/26/2015,36822961
05/27/2015,36839350
05/28/2015,36859830
05/29/2015,36880274
05/30/2015,36902180
05/31/2015,36932724
06/01/2015,36960688
06/02/2015,36983370
06/03/2015,37007535
06/04/2015,37028164
06/05/2015,37041746
06/06/2015,37064794
06/07/2015,37088139
06/08/2015,37111499
06/09/2015,37134521
06/10/2015,37154859
06/11/2015,37175577
06/12/2015,37196236
06/13/2015,37217245
06/14/2015,37240263
06/15/2015,37263420
06/16/2015,37283306
06/17/2015,37304477
06/18/2015,37327291
06/19/2015,37348957
06/20/2015,37367928
06/21/2015,37390791
06/22/2015,37414714
06/23/2015,37439502
06/24/2015,37462741
06/25/2015,37483925
06/26/2015,37506345
06/27/2015,37528095
06/28/2015,37551948
06/29/2015,37574687
06/30/2015,37596590
07/01/2015,37617248
07/02/2015,37634645
07/03/2015,37654888
07/04/2015,37674066
07/05/2015,37693374
07/06/2015,37717965
07/07/2015,37752767
07/08/2015,37800759
07/09/2015,37842668
07/10/2015,37876502
07/11/2015,37902355
07/12/2015,37929231
07/13/2015,37954372
07/14/2015,37976279
07/15/2015,38001604
07/16/2015,38021900
07/17/2015,38043336
07/18/2015,38068735
07/19/2015,38096200
07/20/2015,38107041
07/21/2015,38131911
07/22/2015,38159136
07/23/2015,38182697
07/24/2015,38210625
07/25/2015,38238774
07/26/2015,38265695
07/27/2015,38290589
07/28/2015,38323335
07/29/2015,38348497
07/30/2015,38373061
07/31/2015,38399263
08/01/2015,38421516
08/02/2015,38444707
08/03/2015,38471600
08/04/2015,38492622
08/05/2015,38513503
08/06/2015,38532886
08/07/2015,38549402
08/08/2015,38566882
08/09/2015,38584910
08/10/2015,38604820
08/11/2015,38622097
08/12/2015,38640940
08/13/2015,38658630
08/14/2015,38672317
08/15/2015,38685954
08/16/2015,38700915
08/17/2015,38720485
08/18/2015,38739811
08/19/2015,38760888
08/20/2015,38781905
08/21/2015,38801753
08/22/2015,38819814
08/23/2015,38836104
08/24/2015,38855994
08/25/2015,38875056
08/26/2015,38896164
08/27/2015,38919173
08/28/2015,38940464
08/29/2015,38963248
08/30/2015,38985957
08/31/2015,39000245
09/01/2015,39004871
09/02/2015,39052661
09/03/2015,39079614
09/04/2015,39102886
09/05/2015,39132434
09/06/2015,39159465
09/07/2015,39180604
09/08/2015,39207240
09/09/2015,39229880
09/10/2015,39247793
09/11/2015,39265635
09/12/2015,39285290
09/13/2015,39306489
09/14/2015,39327724
09/15/2015,39350288
09/16/2015,39366903
09/17/2015,39379801
09/18/2015,39393540
09/19/2015,39414257
09/20/2015,39433076
09/21/2015,39455284
09/22/2015,39471132
09/23/2015,39490567
09/24/2015,39507189
09/25/2015,39525166
09/26/2015,39545826
09/27/2015,39562930
09/28/2015,39576416
09/29/2015,39589441
09/30/2015,39602389
10/01/2015,39616644
10/02/2015,39635694
10/03/2015,39653902
10/04/2015,39679892
10/05/2015,39697989
10/06/2015,39715793
10/07/2015,39729531
10/08/2015,39740887
10/09/2015,39755567
10/10/2015,39773988
10/11/2015,39789236
10/12/2015,39806027
10/13/2015,39820447
10/14/2015,39835501
10/15/2015,39854325
10/16/2015,39867784
10/17/2015,39888325
10/18/2015,39904880
10/19/2015,39920289
10/20/2015,39938605
10/21/2015,39956044
10/22/2015,39972548
10/23/2015,39991090
10/24/2015,40017498
10/25/2015,40043600
10/26/2015,40063703
10/27/2015,40081543
10/28/2015,40101719
10/29/2015,40115981
10/30/2015,40135270
10/31/2015,40154448
11/01/2015,40177485
11/02/2015,40196379
11/03/2015,40182050
11/04/2015,40213240
11/05/2015,40228468
11/06/2015,40244799
11/07/2015,40268268
11/08/2015,40287358
11/09/2015,40302508
11/10/2015,40316443
11/11/2015,40332780
11/12/2015,40346522
11/13/2015,40361735
11/14/2015,40381460
11/15/2015,40403954
11/16/2015,40420818
11/17/2015,40436058
11/18/2015,40449700
11/19/2015,40462458
11/20/2015,40475726
11/21/2015,40493679
11/22/2015,40511000
11/23/2015,40525721
11/24/2015,40540221
11/25/2015,40555283
11/26/2015,40570434
11/27/2015,40585784
11/28/2015,40605291
11/29/2015,40625464
11/30/2015,40642207
12/01/2015,40658294
12/02/2015,40675259
12/03/2015,40689394
12/04/2015,40701659
12/05/2015,40715234
12/06/2015,40730552
12/07/2015,40738686
12/08/2015,40751453
12/09/2015,40769533
12/10/2015,40786083
12/11/2015,40805987
12/12/2015,40827210
12/13/2015,40850701
12/14/2015,40879279
12/15/2015,40898284
12/16/2015,40914164
12/17/2015,40932992
12/18/2015,40950169
12/19/2015,40973825
12/20/2015,40994437
12/21/2015,41017002
12/22/2015,41040304
12/23/2015,41065686
12/24/2015,41092855
12/25/2015,41119343
12/26/2015,41142567
12/27/2015,41172289
12/28/2015,41201907
12/29/2015,41229085
12/30/2015,41265579
12/31/2015,41295872
01/01/2016,41325739
01/02/2016,41354541
01/03/2016,41387866
01/04/2016,41416303
01/05/2016,41441285
01/06/2016,41460403
01/07/2016,41480927
01/08/2016,41501535
01/09/2016,41525637
01/10/2016,41548164
01/11/2016,41567404
01/12/2016,41579407
01/13/2016,41591752
01/14/2016,41611863
01/15/2016,41634069
01/16/2016,41656553
01/17/2016,41678100
01/18/2016,41698880
01/19/2016,41715655
01/20/2016,41732817
01/21/2016,41738189
01/22/2016,41760334
01/23/2016,41782347
01/24/2016,41802711
01/25/2016,41819693
01/26/2016,41837857
01/27/2016,41854841
01/28/2016,41872241
01/29/2016,41888921
01/30/2016,41890033
01/31/2016,41904848
02/01/2016,41916213
02/02/2016,41930306
02/03/2016,41950754
02/04/2016,41963115
02/05/2016,41980733
02/06/2016,42003996
02/07/2016,42024666
02/08/2016,42040729
02/09/2016,42056823
02/10/2016,42083295
02/11/2016,42119722
02/12/2016,42149580
02/13/2016,42183765
02/14/2016,42214705
02/15/2016,42245859
02/16/2016,42271947
02/17/2016,42255360
02/18/2016,42274220
02/19/2016,42293512
02/20/2016,42322616
02/21/2016,42350049
02/22/2016,42377546
02/23/2016,42403783
02/24/2016,42426454
02/25/2016,42444728
02/26/2016,42467953
02/27/2016,42494278
02/28/2016,42515307
02/29/2016,42534484
03/01/2016,42544829
03/02/2016,42557996
03/03/2016,42571588
03/04/2016,42594715
03/05/2016,42613553
03/06/2016,42626307
03/07/2016,42644268
03/08/2016,42647281
03/09/2016,42658933
03/10/2016,42706768
03/11/2016,42707439
03/12/2016,42731045
03/13/2016,42757942
03/14/2016,42772990
03/15/2016,42795515
03/16/2016,42812412
03/17/2016,42823360
03/18/2016,42847167
03/19/2016,42847286
03/20/2016,42855199
03/21/2016,42874227
03/22/2016,42894179
03/23/2016,42913415
03/24/2016,42933516
03/25/2016,42954361
03/26/2016,42979808
03/27/2016,43001427
03/28/2016,43024309
03/29/2016,43052047
03/30/2016,43069546
03/31/2016,43076972
04/01/2016,43095912
04/02/2016,43121782
04/03/2016,43144404
04/04/2016,43161107
04/05/2016,43169190
04/06/2016,43197430
04/07/2016,43196856
04/08/2016,43213892
04/09/2016,43225136
04/10/2016,43241486
04/11/2016,43255811
04/12/2016,43266207
04/13/2016,43284466
04/14/2016,43299822
04/15/2016,43317962
04/16/2016,43348631
04/17/2016,43367009
04/18/2016,43380797
04/19/2016,43406494
04/20/2016,43422995
04/21/2016,43439790
04/22/2016,43462432
04/23/2016,43489899
04/24/2016,43515121
04/25/2016,43537650
04/26/2016,43561799
04/27/2016,43593298
04/28/2016,43607461
04/29/2016,43633515
04/30/2016,43665483
05/01/2016,43701628
05/02/2016,43726295
05/03/2016,43745815
05/04/2016,43770108
05/05/2016,43803873
05/06/2016,43836806
05/07/2016,43870465
05/08/2016,43922169
05/09/2016,44000157
05/10/2016,44048083
05/11/2016,44094223
05/12/2016,44126823
05/13/2016,44155721
05/14/2016,44188763
05/15/2016,44207133
05/16/2016,44228359
05/17/2016,44251663
05/18/2016,44269003
05/19/2016,44287272
05/20/2016,44307105
05/21/2016,44331194
05/22/2016,44356878
05/23/2016,44386152
05/24/2016,44413035
05/25/2016,44437489
05/26/2016,44478411
05/27/2016,44549296
05/28/2016,44622630
05/29/2016,44683641
05/30/2016,44736075
05/31/2016,44781513
06/01/2016,44843594
06/02/2016,44893612
06/03/2016,44943557
06/04/2016,45008554
06/05/2016,45067474
06/06/2016,45112526
06/07/2016,45154800
06/08/2016,45192885
06/09/2016,45232879
06/10/2016,45272296
06/11/2016,45319013
06/12/2016,45369964
06/13/2016,45411660
06/14/2016,45530781
06/15/2016,45583132
06/16/2016,45625541
06/17/2016,45671517
06/18/2016,45745993
06/19/2016,45811407
06/20/2016,45868507
06/21/2016,45918558
06/22/2016,45960985
06/23/2016,46001031
06/24/2016,46036151
06/25/2016,46074020
06/26/2016,46118946
06/27/2016,46170415
06/28/2016,45611749
06/29/2016,45666849
06/30/2016,45741165
07/01/2016,45799660
07/02/2016,45846987
07/03/2016,45885549
07/04/2016,45927670
07/05/2016,45975303
07/06/2016,46014316
07/07/2016,46049620
07/08/2016,46085216
07/09/2016,46122809
07/10/2016,46161749
07/11/2016,46197922
07/12/2016,46236234
07/13/2016,46281761
07/14/2016,46332498
07/15/2016,46375172
07/16/2016,46408427
07/17/2016,46442151
07/18/2016,46477816
07/19/2016,46514409
07/20/2016,46546759
07/21/2016,46581733
07/22/2016,46616079
07/23/2016,46639970
07/24/2016,46674332
07/25/2016,46704318
07/26/2016,46736546
07/27/2016,46776124
07/28/2016,46815766
07/29/2016,46851071
07/30/2016,46891235
07/31/2016,46926967
08/01/2016,46967345
08/02/2016,47002812
08/03/2016,47022688
08/04/2016,47049995
08/05/2016,47038509
08/06/2016,47047342
08/07/2016,47065955
08/08/2016,47091720
08/09/2016,47114307
08/10/2016,47134548
08/11/2016,47154674
08/12/2016,47176548
08/13/2016,47183205
08/14/2016,47201542
08/15/2016,47225221
08/16/2016,47255078
08/17/2016,47283736
08/18/2016,47305248
08/19/2016,47330959
08/20/2016,47357327
08/21/2016,47385045
08/22/2016,47412882
08/23/2016,47441091
08/24/2016,47467463
08/25/2016,47489798
08/26/2016,47515779
08/27/2016,47536992
08/28/2016,47560537
08/29/2016,47575701
08/30/2016,47591980
08/31/2016,47611016
09/01/2016,47643920
09/02/2016,47680194
09/03/2016,47716174
09/04/2016,47747358
09/05/2016,47775704
09/06/2016,47793144
09/07/2016,47810535
09/08/2016,47829380
09/09/2016,47850807
09/10/2016,47874932
09/11/2016,47892496
09/12/2016,47909029
09/13/2016,47926821
09/14/2016,47929662
09/15/2016,47933293
09/16/2016,47954540
09/17/2016,47972660
09/18/2016,47988737
09/19/2016,48001944
09/20/2016,48016366
09/21/2016,48028847
09/22/2016,48035860
09/23/2016,48049390
09/24/2016,48065550
09/25/2016,48085738
09/26/2016,48100283
09/27/2016,48112251
09/28/2016,48117355
09/29/2016,48128955
09/30/2016,48148226
10/01/2016,48172216
10/02/2016,48199043
10/03/2016,48220545
10/04/2016,48242405
10/05/2016,48264340
10/06/2016,48287510
10/07/2016,48314078
10/08/2016,48345310
10/09/2016,48376625
10/10/2016,48406798
10/11/2016,48438503
10/12/2016,48471839
10/13/2016,48502759
10/14/2016,48528555
10/15/2016,48564434
10/16/2016,48603902
10/17/2016,48636802
10/18/2016,48663410
10/19/2016,48679470
10/20/2016,48705640
10/21/2016,48742824
10/22/2016,48768805
10/23/2016,48804044
10/24/2016,48832019
10/25/2016,48858773
10/26/2016,48877517
10/27/2016,48896797
10/28/2016,48912960
10/29/2016,48942345
10/30/2016,48977638
10/31/2016,48995235
11/01/2016,49015370
11/02/2016,49009701
11/03/2016,49026472
11/04/2016,49045435
11/05/2016,49070741
11/06/2016,49090881
11/07/2016,49103307
11/08/2016,49118183
11/09/2016,49122509
11/10/2016,49128926
11/11/2016,49139304
11/12/2016,49151178
11/13/2016,49165650
11/14/2016,49174909
11/15/2016,49180046
11/16/2016,49190032
11/17/2016,49196052
11/18/2016,49212908
11/19/2016,49227357
11/20/2016,49242525
11/21/2016,49255205
11/22/2016,49267572
11/23/2016,49274265
11/24/2016,49287064
11/25/2016,49297389
11/26/2016,49316096
11/27/2016,49332315
11/28/2016,49344197
11/29/2016,49354902
11/30/2016,49363761
12/01/2016,49375095
12/02/2016,49416285
12/03/2016,49524991
12/04/2016,49609803
12/05/2016,49683135
12/06/2016,49768312
12/07/2016,49878589
12/08/2016,50055994
12/09/2016,50200018
12/10/2016,50380310
12/11/2016,50500214
12/12/2016,50576602
12/13/2016,50621015
12/14/2016,50658317
12/15/2016,50684012
12/16/2016,50715470
12/17/2016,50750808
12/18/2016,50837741
12/19/2016,50947205
12/20/2016,51089797
12/21/2016,51196902
12/22/2016,51260675
12/23/2016,51375876
12/24/2016,51444481
12/25/2016,51493693
12/26/2016,51545841
12/27/2016,51602822
12/28/2016,51655769
12/29/2016,51700894
12/30/2016,51741269
12/31/2016,51781225
01/01/2017,51813425
01/02/2017,51846910
01/03/2017,51909592
01/04/2017,51953136
01/05/2017,51989675
01/06/2017,52036525
01/07/2017,52093543
01/08/2017,52158796
01/09/2017,52197722
01/10/2017,52237684
01/11/2017,52280696
01/12/2017,52329883
01/13/2017,52379082
01/14/2017,52414902
01/15/2017,52445606
01/16/2017,52478875
01/17/2017,52504336
01/18/2017,52535235
01/19/2017,52565700
01/20/2017,52591409
01/21/2017,52620322
01/22/2017,52649801
01/23/2017,52672591
01/24/2017,52693457
01/25/2017,52720866
01/26/2017,52729866
01/27/2017,52751177
01/28/2017,52778221
01/29/2017,52809730
01/30/2017,52837809
01/31/2017,52876659
02/01/2017,52924413
02/02/2017,52951961
02/03/2017,52972495
02/04/2017,53009367
02/05/2017,53037959
02/06/2017,53049136
02/07/2017,53056742
02/08/2017,52751721
02/09/2017,53292646
02/10/2017,53210758
02/11/2017,53132075
02/12/2017,53150869
02/13/2017,53172464
02/14/2017,53206893
02/15/2017,53257912
02/16/2017,53343745
02/17/2017,53461581
02/18/2017,53529650
02/19/2017,53594599
02/20/2017,53645145
02/21/2017,53675132
02/22/2017,53702401
02/23/2017,53742943
02/24/2017,53792414
02/25/2017,53834939
02/26/2017,53873615
02/27/2017,53899746
02/28/2017,53929667
03/01/2017,53960202
03/02/2017,53986988
03/03/2017,54032430
03/04/2017,54076184
03/05/2017,54106207
03/06/2017,54122855
03/07/2017,54139447
03/08/2017,54150908
03/09/2017,54164391
03/10/2017,54177043
03/11/2017,54195999
03/12/2017,54208681
03/13/2017,54243618
03/14/2017,54268726
03/15/2017,54285811
03/16/2017,54298871
03/17/2017,54314154
03/18/2017,54325224
03/19/2017,54332326
03/20/2017,54346392
03/21/2017,54355124
03/22/2017,54368727
03/23/2017,54375558
03/24/2017,54386850
03/25/2017,54403706
03/26/2017,54419998
03/27/2017,54431396
03/28/2017,54439589
03/29/2017,54446638
03/30/2017,54453691
03/31/2017,54466162
04/01/2017,54480655
04/02/2017,54501406
04/03/2017,54519275
04/04/2017,54528379
04/05/2017,54540234
04/06/2017,54551990
04/07/2017,54564071
04/08/2017,54579485
04/09/2017,54597519
04/10/2017,54612402
04/11/2017,54627429
04/12/2017,54641840
04/13/2017,54655854
04/14/2017,54669751
04/15/2017,54683899
04/16/2017,54693846
04/17/2017,54704022
04/18/2017,54714447
04/19/2017,54723925
04/20/2017,54733784
04/21/2017,54740069
04/22/2017,54754195
04/23/2017,54775089
04/24/2017,54788479
04/25/2017,54800250
04/26/2017,54806813
04/27/2017,54819190
04/28/2017,54827843
04/29/2017,54842146
04/30/2017,54871558
05/01/2017,54887885
05/02/2017,54893956
05/03/2017,54907371
05/04/2017,54917152
05/05/2017,54925362
05/06/2017,54936176
05/07/2017,54947660
05/08/2017,54954434
05/09/2017,54967503
05/10/2017,54980642
05/11/2017,54996083
05/12/2017,55006813
05/13/2017,55024523
05/14/2017,55038633
05/15/2017,55050667
05/16/2017,55058274
05/17/2017,55072014
05/18/2017,55080858
05/19/2017,55092934
05/20/2017,55105009
05/21/2017,55114948
05/22/2017,55128045
05/23/2017,55133419
05/24/2017,55147160
05/25/2017,55163301
05/26/2017,55170089
05/27/2017,55181824
05/28/2017,55191949
05/29/2017,55201874
05/30/2017,55215493
05/31/2017,55228677
06/01/2017,55238791
06/02/2017,55247320
06/03/2017,55259573
06/04/2017,55273106
06/05/2017,55288018
06/06/2017,55326213
06/07/2017,55382349
06/08/2017,55421007
06/09/2017,55450419
06/10/2017,55482576
06/11/2017,55515009
06/12/2017,55541483
06/13/2017,55567544
06/14/2017,55586722
06/15/2017,55604609
06/16/2017,55623574
06/17/2017,55655141
06/18/2017,55683920
06/19/2017,55713806
06/20/2017,55738897
06/21/2017,55770414
06/22/2017,55796187
06/23/2017,55821262
06/24/2017,55847367
06/25/2017,55869672
06/26/2017,55880908
06/27/2017,55899328
06/28/2017,55920191
06/29/2017,55939904
06/30/2017,55962256
07/01/2017,55987012
07/02/2017,56006641
07/03/2017,56020615
07/04/2017,56039598
07/05/2017,56057136
07/06/2017,56080700
07/07/2017,56101590
07/08/2017,56119132
07/09/2017,56138096
07/10/2017,56157133
07/11/2017,56175522
07/12/2017,56193529
07/13/2017,56215133
07/14/2017,56231790
07/15/2017,56249718
07/16/2017,56264757
07/17/2017,56283724
07/18/2017,56303487
07/19/2017,56319513
07/20/2017,56338343
07/21/2017,56359432
07/22/2017,56386343
07/23/2017,56410910
07/24/2017,56447616
07/25/2017,56492595
07/26/2017,56522388
07/27/2017,56550062
07/28/2017,56573628
07/29/2017,56591358
07/30/2017,56612955
07/31/2017,56610711
08/01/2017,56632724
08/02/2017,56659834
08/03/2017,56683976
08/04/2017,56705677
08/05/2017,56729791
08/06/2017,56743013
08/07/2017,56764295
08/08/2017,56773762
08/09/2017,56790467
08/10/2017,56812828
08/11/2017,56837340
08/12/2017,56859584
08/13/2017,56874193
08/14/2017,56891565
08/15/2017,56904158
08/16/2017,56915107
08/17/2017,56937976
08/18/2017,56958313
08/19/2017,56980088
08/20/2017,57002836
08/21/2017,57020000
08/22/2017,57031955
08/23/2017,57050315
08/24/2017,57068810
08/25/2017,57080397
08/26/2017,57095984
08/27/2017,57111167
08/28/2017,57121095
08/29/2017,57125366
08/30/2017,57138185
08/31/2017,57150023
09/01/2017,57164846
09/02/2017,57178581
09/03/2017,57190810
09/04/2017,57200543
09/05/2017,57208847
09/06/2017,57217148
09/07/2017,57227799
09/08/2017,57233504
09/09/2017,57240225
09/10/2017,57247786
09/11/2017,57249617
09/12/2017,57261242
09/13/2017,57272438
09/14/2017,57281911
09/15/2017,57292351
09/16/2017,57303109
09/17/2017,57311816
09/18/2017,57312547
09/19/2017,57314362
09/20/2017,57317534
09/21/2017,57318707
09/22/2017,57322388
09/23/2017,57330364
09/24/2017,57338745
09/25/2017,57343713
09/26/2017,57346098
09/27/2017,57348566
09/28/2017,57349076
09/29/2017,57356230
09/30/2017,57365242
10/01/2017,57373622
10/02/2017,57382509
10/03/2017,57396790
10/04/2017,57411342
10/05/2017,57421080
10/06/2017,57432463
10/07/2017,57445824
10/08/2017,57455635
10/09/2017,57467949
10/10/2017,57477457
10/11/2017,57486448
10/12/2017,57496880
10/13/2017,57507960
10/14/2017,57521365
10/15/2017,57528922
10/16/2017,57537081
10/17/2017,57549107
10/18/2017,57558375
10/19/2017,57567198
10/20/2017,57579882
10/21/2017,57594707
10/22/2017,57607895
10/23/2017,57615829
10/24/2017,57624837
10/25/2017,57633589
10/26/2017,57644376
10/27/2017,57656864
10/28/2017,57670321
10/29/2017,57683375
10/30/2017,57696805
10/31/2017,57707465
11/01/2017,57718369
11/02/2017,57730753
11/03/2017,57743641
11/04/2017,57757632
11/05/2017,57771086
11/06/2017,57779597
11/07/2017,57792088
11/08/2017,57801517
11/09/2017,57813810
11/10/2017,57825643
11/11/2017,57840856
11/12/2017,57853924
11/13/2017,57864458
11/14/2017,57874880
11/15/2017,57889295
11/16/2017,57900340
11/17/2017,57913529
11/18/2017,57928685
11/19/2017,57941662
11/20/2017,57950844
11/21/2017,57963507
11/22/2017,57977424
11/23/2017,57990088
11/24/2017,58004905
11/25/2017,58023507
11/26/2017,58044604
11/27/2017,58056714
11/28/2017,58069522
11/29/2017,58081083
11/30/2017,58093934
12/01/2017,58105319
12/02/2017,58118187
12/03/2017,58129865
12/04/2017,58138727
12/05/2017,58145713
12/06/2017,58156003
12/07/2017,58176873
12/08/2017,58209207
12/09/2017,58260760
12/10/2017,58299032
12/11/2017,58351148
12/12/2017,58389853
12/13/2017,58408789
12/14/2017,58435548
12/15/2017,58455228
12/16/2017,58476304
12/17/2017,58492377
12/18/2017,58507930
12/19/2017,58526836
12/20/2017,58541451
12/21/2017,58562817
12/22/2017,58583610
12/23/2017,58605152
12/24/2017,58629529
12/25/2017,58650862
12/26/2017,58676530
12/27/2017,58700801
12/28/2017,58722409
12/29/2017,58748136
12/30/2017,58772949
12/31/2017,58799036
01/01/2018,58821460
01/02/2018,58870703
01/03/2018,58952348
01/04/2018,59058126
01/05/2018,59140997
01/06/2018,59227298
01/07/2018,59299253
01/08/2018,59380622
01/09/2018,59460156
01/10/2018,59557154
01/11/2018,59586108
01/12/2018,59630257
01/13/2018,59674157
01/14/2018,59716770
01/15/2018,59780263
01/16/2018,59816702
01/17/2018,59871780
01/18/2018,59913007
01/19/2018,59957026
01/20/2018,60005512
01/21/2018,60052303
01/22/2018,60093047
01/23/2018,60132945
01/24/2018,60176114
01/25/2018,60222958
01/26/2018,60259653
01/27/2018,60295560
01/28/2018,60329390
01/29/2018,60358923
01/30/2018,60390637
01/31/2018,60417627
02/01/2018,60447495
02/02/2018,60472521
02/03/2018,60513620
02/04/2018,60550007
02/05/2018,60588480
02/06/2018,60614859
02/07/2018,60642832
02/08/2018,60669552
02/09/2018,60697212
02/10/2018,60715229
02/11/2018,60759290
02/12/2018,60785082
02/13/2018,60804900
02/14/2018,60836137
02/15/2018,60856193
02/16/2018,60879183
02/17/2018,60910047
02/18/2018,60944407
02/19/2018,60963922
02/20/2018,60989742
02/21/2018,61006944
02/22/2018,61030857
02/23/2018,61048898
02/24/2018,61075425
02/25/2018,61103329
02/26/2018,61122459
02/27/2018,61148313
02/28/2018,61170493
03/01/2018,61191360
03/02/2018,61218010
03/03/2018,61239971
03/04/2018,61260718
03/05/2018,61282570
03/06/2018,61298056
03/07/2018,61317492
03/08/2018,61334940
03/09/2018,61348686
03/10/2018,61372820
03/11/2018,61392530
03/12/2018,61411033
03/13/2018,61428357
03/14/2018,61441557
03/15/2018,61459588
03/16/2018,61480398
03/17/2018,61503548
03/18/2018,61520598
03/19/2018,61538931
03/20/2018,61553550
03/21/2018,61575451
03/22/2018,61596746
03/23/2018,61618410
03/24/2018,61647191
03/25/2018,61672877
03/26/2018,61696992
03/27/2018,61715172
03/28/2018,61736517
03/29/2018,61771402
03/30/2018,61799604
03/31/2018,61823150
04/01/2018,61848042
04/02/2018,61875666
04/03/2018,61890298
04/04/2018,61915405
04/05/2018,61937116
04/06/2018,61949674
04/07/2018,61981111
04/08/2018,62006174
04/09/2018,62028203
04/10/2018,62050844
04/11/2018,62070543
04/12/2018,62087975
04/13/2018,62101063
04/14/2018,62129610
04/15/2018,62152930
04/16/2018,62171994
04/17/2018,62192349
04/18/2018,62203489
04/19/2018,62222221
04/20/2018,62240539
04/21/2018,62259124
04/22/2018,62274799
04/23/2018,62288182
04/24/2018,62310395
04/25/2018,62326892
04/26/2018,62342642
04/27/2018,62355917
04/28/2018,62313913
04/29/2018,62327956
04/30/2018,62347923
05/01/2018,62357959
05/02/2018,62379906
05/03/2018,62400947
05/04/2018,62417630
05/05/2018,62437171
05/06/2018,62457204
05/07/2018,62473825
05/08/2018,62492496
05/09/2018,62505729
05/10/2018,62515136
05/11/2018,62530744
05/12/2018,62545180
05/13/2018,62578131
05/14/2018,62604570
05/15/2018,62631292
05/16/2018,62659660
05/17/2018,62680746
05/18/2018,62693403
05/19/2018,62722931
05/20/2018,62749568
05/21/2018,62773971
05/22/2018,62786536
05/23/2018,62812039
05/24/2018,62839133
05/25/2018,62862886
05/26/2018,62879301
05/27/2018,62902516
05/28/2018,62925833
05/29/2018,62948123
05/30/2018,62968911
05/31/2018,62989015
06/01/2018,63017241
06/02/2018,63037898
06/03/2018,63060179
06/04/2018,63082834
06/05/2018,63112139
06/06/2018,63149163
06/07/2018,63187158
06/08/2018,63215616
06/09/2018,63258159
06/10/2018,63284875
06/11/2018,63308591
06/12/2018,63329338
06/13/2018,63347925
06/14/2018,63369626
06/15/2018,63391453
06/16/2018,63414964
06/17/2018,63436824
06/18/2018,63459281
06/19/2018,63478686
06/20/2018,63501885
06/21/2018,63525146
06/22/2018,63552354
06/23/2018,63577022
06/24/2018,63599475
06/25/2018,63629939
06/26/2018,63654612
06/27/2018,63677787
06/28/2018,63704985
06/29/2018,63734772
06/30/2018,63764622
07/01/2018,63793240
07/02/2018,63821736
07/03/2018,63848491
07/04/2018,63878006
07/05/2018,63904480
07/06/2018,63928994
07/07/2018,63953683
07/08/2018,63977804
07/09/2018,63999412
07/10/2018,64021174
07/11/2018,64047704
07/12/2018,64064642
07/13/2018,64096362
07/14/2018,64126545
07/15/2018,64149805
07/16/2018,64169137
07/17/2018,64187930
07/18/2018,64219378
07/19/2018,64271960
07/20/2018,64317547
07/21/2018,64370486
07/22/2018,64419238
07/23/2018,64469806
07/24/2018,64512200
07/25/2018,64545802
07/26/2018,64573088
07/27/2018,64602721
07/28/2018,64634281
07/29/2018,64666483
07/30/2018,64699425
07/31/2018,64738753
08/01/2018,64775637
08/02/2018,64811291
08/03/2018,64843465
08/04/2018,64872918
08/05/2018,64900477
08/06/2018,64926362
08/07/2018,64953585
08/08/2018,64985253
08/09/2018,65017403
08/10/2018,65044570
08/11/2018,65070607
08/12/2018,65097005
08/13/2018,65124146
08/14/2018,65147433
08/15/2018,65169790
08/16/2018,65196352
08/17/2018,65218543
08/18/2018,65245789
08/19/2018,65269238
08/20/2018,65298263
08/21/2018,65323377
08/22/2018,65354565
08/23/2018,65384595
08/24/2018,65411005
08/25/2018,65445859
08/26/2018,65490778
08/27/2018,65527402
08/28/2018,65555348
08/29/2018,65619623
08/30/2018,65675026
08/31/2018,65717067
09/01/2018,65757450
09/02/2018,65788934
09/03/2018,65819419
09/04/2018,65847426
09/05/2018,65872637
09/06/2018,65901934
09/07/2018,65944491
09/08/2018,65988290
09/09/2018,66026329
09/10/2018,66051399
09/11/2018,66075112
09/12/2018,66101451
09/13/2018,66133934
09/14/2018,66175398
09/15/2018,66205145
09/16/2018,66233939
09/17/2018,66260736
09/18/2018,66282789
09/19/2018,66305586
09/20/2018,66329819
09/21/2018,66351689
09/22/2018,66381526
09/23/2018,66420226
09/24/2018,66444437
09/25/2018,66467027
09/26/2018,66488468
09/27/2018,66506724
09/28/2018,66524514
09/29/2018,66548728
09/30/2018,66572304
10/01/2018,66591200
10/02/2018,66610428
10/03/2018,66630760
10/04/2018,66650080
10/05/2018,66662280
10/06/2018,66704596
10/07/2018,66735316
10/08/2018,66762485
10/09/2018,66796656
10/10/2018,66829413
10/11/2018,66854542
10/12/2018,66889033
10/13/2018,66916080
10/14/2018,66952970
10/15/2018,66978147
10/16/2018,67004863
10/17/2018,67036880
10/18/2018,67075895
10/19/2018,67105899
10/20/2018,67154107
10/21/2018,67201523
10/22/2018,67243099
10/23/2018,67278935
10/24/2018,67316669
10/25/2018,67356623
10/26/2018,67540767
10/27/2018,67902177
10/28/2018,68147177
10/29/2018,68377220
10/30/2018,68588112
10/31/2018,68758316
11/01/2018,68890409
11/02/2018,69040011
11/03/2018,69177069
11/04/2018,69290927
11/05/2018,69391532
11/06/2018,69549038
11/07/2018,69716428
11/08/2018,69841191
11/09/2018,69954318
11/10/2018,70092925
11/11/2018,70197388
11/12/2018,70283638
11/13/2018,70368823
11/14/2018,70480836
11/15/2018,70566773
11/16/2018,70660795
11/17/2018,70741645
11/18/2018,70824314
11/19/2018,70941045
11/20/2018,71038983
11/21/2018,71166068
11/22/2018,71310452
11/23/2018,71447846
11/24/2018,71597419
11/25/2018,71845225
11/26/2018,72089926
11/27/2018,72258036
11/28/2018,72409062
11/29/2018,72535142
11/30/2018,72660399
12/01/2018,72866232
12/02/2018,73410556
12/03/2018,73894653
12/04/2018,74182771
12/05/2018,74400727
12/06/2018,74691046
12/07/2018,74973383
12/08/2018,75261033
12/09/2018,75580034
12/10/2018,75915924
12/11/2018,76185850
12/12/2018,76388021
12/13/2018,76603857
12/14/2018,76748242
12/15/2018,76935085
12/16/2018,77120309
12/17/2018,77299537
12/18/2018,77457155
12/19/2018,77626441
12/20/2018,77751099
12/21/2018,77836179
12/22/2018,78007656
12/23/2018,78131034
12/24/2018,78240890
12/25/2018,78342667
12/26/2018,78454558
12/27/2018,78596031
12/28/2018,78767695
12/29/2018,78949087
12/30/2018,79118492
12/31/2018,79277461
01/01/2019,79411234
01/02/2019,79539927
01/03/2019,79665026
01/04/2019,79779363
01/05/2019,79899998
01/06/2019,80023800
01/07/2019,80144040
01/08/2019,80230519
01/09/2019,80337166
01/10/2019,80432740
01/11/2019,80520035
01/12/2019,80651289
01/13/2019,80753063
01/14/2019,80920092
01/15/2019,81041421
01/16/2019,81140292
01/17/2019,81228792
01/18/2019,81317759
01/19/2019,81435693
01/20/2019,81622038
01/21/2019,81819904
01/22/2019,82092706
01/23/2019,82317202
01/24/2019,82502966
01/25/2019,82654031
01/26/2019,82801681
01/27/2019,82926815
01/28/2019,83030957
01/29/2019,83140906
01/30/2019,83250265
01/31/2019,83348076
02/01/2019,83446399
02/02/2019,83573871
02/03/2019,83850977
02/04/2019,84048397
02/05/2019,84215945
02/06/2019,84362222
02/07/2019,84489813
02/08/2019,84613843
02/09/2019,84766021
02/10/2019,84974648
02/11/2019,85108255
02/12/2019,85238778
02/13/2019,85494020
02/14/2019,85635367
02/15/2019,85767096
02/16/2019,85889608
02/17/2019,86021277
02/18/2019,86148875
02/19/2019,86303213
02/20/2019,86451113
02/21/2019,86569693
02/22/2019,86751893
02/23/2019,86968414
02/24/2019,87131463
02/25/2019,87233369
02/26/2019,87316041
02/27/2019,87397728
02/28/2019,87481924
03/01/2019,87571258
03/02/2019,87716002
03/03/2019,87872585
03/04/2019,88016018
03/05/2019,88145200
03/06/2019,88235702
03/07/2019,88387626
03/08/2019,88510485
03/09/2019,88673996
03/10/2019,88797921
03/11/2019,88966481
03/12/2019,89130906
03/13/2019,89287524
03/14/2019,89435583
03/15/2019,89586925
03/16/2019,89733046
03/17/2019,89888627
03/18/2019,90054055
03/19/2019,90223165
03/20/2019,90438859
03/21/2019,90698995
03/22/2019,90916985
03/23/2019,91079760
03/24/2019,91202196
03/25/2019,91331165
03/26/2019,91467352
03/27/2019,91585326
03/28/2019,91686423
03/29/2019,91770308
03/30/2019,91887789
03/31/2019,92056124
04/01/2019,92364973
04/02/2019,92619940
04/03/2019,92715907
