Date,Subs,,,,
12/23/2010,0,,,,
12/24/2010,3,,,,
12/25/2010,6,,,, 
12/26/2010,9,,,, 
12/27/2010,12,,,, 
12/28/2010,15,,,, 
12/29/2010,18,,,, 
12/30/2010,21,,,, 
12/31/2010,24,,,, 
01/01/2011,30,,,, 
01/02/2011,36,,,, 
01/03/2011,42,,,, 
01/04/2011,48,,,, 
01/05/2011,54,,,, 
01/06/2011,60,,,, 
01/07/2011,66,,,, 
01/08/2011,72,,,, 
01/09/2011,78,,,, 
01/10/2011,84,,,, 
01/11/2011,90,,,, 
01/12/2011,96,,,, 
01/13/2011,102,,,, 
01/14/2011,108,,,, 
01/15/2011,114,,,, 
01/16/2011,120,,,, 
01/17/2011,126,,,, 
01/18/2011,138,,,, 
01/19/2011,150,,,, 
01/20/2011,162,,,, 
01/21/2011,174,,,, 
01/22/2011,186,,,, 
01/23/2011,198,,,, 
01/24/2011,210,,,, 
01/25/2011,222,,,, 
01/26/2011,234,,,, 
01/27/2011,246,,,, 
01/28/2011,258,,,, 
01/29/2011,270,,,, 
01/30/2011,282,,,, 
01/31/2011,294,,,, 
02/01/2011,306,,,, 
02/02/2011,318,,,, 
02/03/2011,330,,,, 
02/04/2011,342,,,, 
02/05/2011,354,,,, 
02/06/2011,366,,,, 
02/07/2011,378,,,, 
02/08/2011,390,,,, 
02/09/2011,402,,,, 
02/10/2011,414,,,, 
02/11/2011,426,,,, 
02/12/2011,450,,,, 
02/13/2011,474,,,, 
02/14/2011,498,,,, 
02/15/2011,522,,,, 
02/16/2011,546,,,, 
02/17/2011,570,,,, 
02/18/2011,594,,,, 
02/19/2011,618,,,, 
02/20/2011,642,,,, 
02/21/2011,666,,,, 
02/22/2011,690,,,, 
02/23/2011,714,,,, 
02/24/2011,738,,,, 
02/25/2011,762,,,, 
02/26/2011,786,,,, 
02/27/2011,810,,,, 
02/28/2011,834,,,, 
03/01/2011,858,,,, 
03/02/2011,882,,,, 
03/03/2011,906,,,, 
03/04/2011,956,,,, 
03/05/2011,1006,,,, 
03/06/2011,1056,,,, 
03/07/2011,1106,,,, 
03/08/2011,1156,,,, 
03/09/2011,1206,,,, 
03/10/2011,1256,,,, 
03/11/2011,1306,,,, 
03/12/2011,1356,,,, 
03/13/2011,1406,,,, 
03/14/2011,1456,,,, 
03/15/2011,1506,,,, 
03/16/2011,1556,,,, 
03/17/2011,1606,,,, 
03/18/2011,1656,,,, 
03/19/2011,1706,,,, 
03/20/2011,1756,,,, 
03/21/2011,1806,,,, 
03/22/2011,1856,,,, 
03/23/2011,1906,,,, 
03/24/2011,1956,,,, 
03/25/2011,2006,,,, 
03/26/2011,2056,,,, 
03/27/2011,2106,,,, 
03/28/2011,2156,,,, 
03/29/2011,2256,,,, 
03/30/2011,2356,,,, 
03/31/2011,2456,,,, 
04/01/2011,2556,,,, 
04/02/2011,2656,,,, 
04/03/2011,2756,,,, 
04/04/2011,2856,,,, 
04/05/2011,2956,,,, 
04/06/2011,3056,,,, 
04/07/2011,3156,,,, 
04/08/2011,3256,,,, 
04/09/2011,3356,,,, 
04/10/2011,3456,,,, 
04/11/2011,3556,,,, 
04/12/2011,3656,,,, 
04/13/2011,3756,,,, 
04/14/2011,3856,,,, 
04/15/2011,3956,,,, 
04/16/2011,4056,,,, 
04/17/2011,4156,,,, 
04/18/2011,4256,,,, 
04/19/2011,4356,,,, 
04/20/2011,4456,,,, 
04/21/2011,4556,,,, 
04/22/2011,4656,,,, 
04/23/2011,4856,,,, 
04/24/2011,5056,,,, 
04/25/2011,5256,,,, 
04/26/2011,5456,,,, 
04/27/2011,5656,,,, 
04/28/2011,5856,,,, 
04/29/2011,6056,,,, 
04/30/2011,6256,,,, 
05/01/2011,6456,,,, 
05/02/2011,6656,,,, 
05/03/2011,6856,,,, 
05/04/2011,7056,,,, 
05/05/2011,7256,,,, 
05/06/2011,7456,,,, 
05/07/2011,7656,,,, 
05/08/2011,7856,,,, 
05/09/2011,8056,,,, 
05/10/2011,8256,,,, 
05/11/2011,8456,,,, 
05/12/2011,8656,,,, 
05/13/2011,8856,,,, 
05/14/2011,9056,,,, 
05/15/2011,9256,,,, 
05/16/2011,9456,,,, 
05/17/2011,9656,,,, 
05/18/2011,9856,,,, 
05/19/2011,10056,,,, 
05/20/2011,10256,,,, 
05/21/2011,10456,,,, 
05/22/2011,10656,,,, 
05/23/2011,10856,,,, 
05/24/2011,11056,,,, 
05/25/2011,11256,,,, 
05/26/2011,11456,,,, 
05/27/2011,11656,,,, 
05/28/2011,11856,,,, 
05/29/2011,12056,,,, 
05/30/2011,12256,,,, 
05/31/2011,12456,,,, 
06/01/2011,12656,,,, 
06/02/2011,12856,,,, 
06/03/2011,13056,,,, 
06/04/2011,13256,,,, 
06/05/2011,13456,,,, 
06/06/2011,13656,,,, 
06/07/2011,13856,,,, 
06/08/2011,14056,,,, 
06/09/2011,14256,,,, 
06/10/2011,14456,,,, 
06/11/2011,14656,,,, 
06/12/2011,14856,,,, 
06/13/2011,15056,,,, 
06/14/2011,15256,,,, 
06/15/2011,15456,,,, 
06/16/2011,15656,,,, 
06/17/2011,15856,,,, 
06/18/2011,16056,,,, 
06/19/2011,16256,,,, 
06/20/2011,16456,,,, 
06/21/2011,16656,,,, 
06/22/2011,16856,,,, 
06/23/2011,17056,,,, 
06/24/2011,17256,,,, 
06/25/2011,17456,,,, 
06/26/2011,17656,,,, 
06/27/2011,17856,,,, 
06/28/2011,18056,,,, 
06/29/2011,18403,,,, 
06/30/2011,18750,,,, 
07/01/2011,19097,,,, 
07/02/2011,19444,,,, 
07/03/2011,19791,,,, 
07/04/2011,20138,,,, 
07/05/2011,20485,,,, 
07/06/2011,20832,,,, 
07/07/2011,21179,,,, 
07/08/2011,21526,,,, 
07/09/2011,21873,,,, 
07/10/2011,22220,,,, 
07/11/2011,22567,,,, 
07/12/2011,22914,,,, 
07/13/2011,23261,,,, 
07/14/2011,23608,,,, 
07/15/2011,23955,,,, 
07/16/2011,24302,,,, 
07/17/2011,24649,,,, 
07/18/2011,24996,,,, 
07/19/2011,25343,,,, 
07/20/2011,25690,,,, 
07/21/2011,26037,,,, 
07/22/2011,26384,,,, 
07/23/2011,26731,,,, 
07/24/2011,27078,,,, 
07/25/2011,27425,,,, 
07/26/2011,27772,,,, 
07/27/2011,28119,,,, 
07/28/2011,28466,,,, 
07/29/2011,28813,,,, 
07/30/2011,29160,,,, 
07/31/2011,29507,,,, 
08/01/2011,29854,,,, 
08/02/2011,30201,,,, 
08/03/2011,30548,,,, 
08/04/2011,30895,,,, 
08/05/2011,31242,,,, 
08/06/2011,31589,,,, 
08/07/2011,31936,,,, 
08/08/2011,32283,,,, 
08/09/2011,32630,,,, 
08/10/2011,32977,,,, 
08/11/2011,33324,,,, 
08/12/2011,33671,,,, 
08/13/2011,34018,,,, 
08/14/2011,34365,,,, 
08/15/2011,34712,,,, 
08/16/2011,35059,,,, 
08/17/2011,35406,,,, 
08/18/2011,35753,,,, 
08/19/2011,36100,,,, 
08/20/2011,36447,,,, 
08/21/2011,36794,,,, 
08/22/2011,37141,,,, 
08/23/2011,37488,,,, 
08/24/2011,37835,,,, 
08/25/2011,38182,,,, 
08/26/2011,38529,,,, 
08/27/2011,38876,,,, 
08/28/2011,39223,,,, 
08/29/2011,39570,,,, 
08/30/2011,39917,,,, 
08/31/2011,40264,,,, 
09/01/2011,40611,,,, 
09/02/2011,40958,,,, 
09/03/2011,41305,,,, 
09/04/2011,41652,,,, 
09/05/2011,41999,,,, 
09/06/2011,42346,,,, 
09/07/2011,42693,,,, 
09/08/2011,43040,,,, 
09/09/2011,43387,,,, 
09/10/2011,43734,,,, 
09/11/2011,44081,,,, 
09/12/2011,44428,,,, 
09/13/2011,44775,,,, 
09/14/2011,45122,,,, 
09/15/2011,45469,,,, 
09/16/2011,45816,,,, 
09/17/2011,46163,,,, 
09/18/2011,46510,,,, 
09/19/2011,46857,,,, 
09/20/2011,47204,,,, 
09/21/2011,47551,,,, 
09/22/2011,47898,,,, 
09/23/2011,48245,,,, 
09/24/2011,48592,,,, 
09/25/2011,48939,,,, 
09/26/2011,49286,,,, 
09/27/2011,49633,,,, 
09/28/2011,49980,,,, 
09/29/2011,50327,,,, 
09/30/2011,50834,,,, 
10/01/2011,51807,,,, 
10/02/2011,52780,,,, 
10/03/2011,53555,,,, 
10/04/2011,54252,,,, 
10/05/2011,54910,,,, 
10/06/2011,55664,,,, 
10/07/2011,56319,,,, 
10/08/2011,57004,,,, 
10/09/2011,57687,,,, 
10/10/2011,58275,,,, 
10/11/2011,58813,,,, 
10/12/2011,59391,,,, 
10/13/2011,60014,,,, 
10/14/2011,60712,,,, 
10/15/2011,61614,,,, 
10/16/2011,62430,,,, 
10/17/2011,63108,,,, 
10/18/2011,63789,,,, 
10/19/2011,64551,,,, 
10/20/2011,65294,,,, 
10/21/2011,66157,,,, 
10/22/2011,67586,,,, 
10/23/2011,68615,,,, 
10/24/2011,69603,,,, 
10/25/2011,70565,,,, 
10/26/2011,71493,,,, 
10/27/2011,72365,,,, 
10/28/2011,73235,,,, 
10/29/2011,74226,,,, 
10/30/2011,75184,,,, 
10/31/2011,76064,,,, 
11/01/2011,76920,,,, 
11/02/2011,77800,,,, 
11/03/2011,78744,,,, 
11/04/2011,79681,,,, 
11/05/2011,80620,,,, 
11/06/2011,81563,,,, 
11/07/2011,82562,,,, 
11/08/2011,83469,,,, 
11/09/2011,84340,,,, 
11/10/2011,85289,,,, 
11/11/2011,86367,,,, 
11/12/2011,87743,,,, 
11/13/2011,89008,,,, 
11/14/2011,89936,,,, 
11/15/2011,90920,,,, 
11/16/2011,92078,,,, 
11/17/2011,93611,,,, 
11/18/2011,94963,,,, 
11/19/2011,96406,,,, 
11/20/2011,97621,,,, 
11/21/2011,98732,,,, 
11/22/2011,99791,,,, 
11/23/2011,100816,,,, 
11/24/2011,101873,,,, 
11/25/2011,103007,,,, 
11/26/2011,104259,,,, 
11/27/2011,105439,,,, 
11/28/2011,106528,,,, 
11/29/2011,107602,,,, 
11/30/2011,108862,,,, 
12/01/2011,110729,,,, 
12/02/2011,114404,,,, 
12/03/2011,116952,,,, 
12/04/2011,118918,,,, 
12/05/2011,120683,,,, 
12/06/2011,122111,,,, 
12/07/2011,123731,,,, 
12/08/2011,125193,,,, 
12/09/2011,127068,,,, 
12/10/2011,129278,,,, 
12/11/2011,131364,,,, 
12/12/2011,133034,,,, 
12/13/2011,134769,,,, 
12/14/2011,136463,,,, 
12/15/2011,138703,,,, 
12/16/2011,140987,,,, 
12/17/2011,143300,,,, 
12/18/2011,145342,,,, 
12/19/2011,147320,,,, 
12/20/2011,149278,,,, 
12/21/2011,151130,,,, 
12/22/2011,153229,,,, 
12/23/2011,155319,,,, 
12/24/2011,157348,,,, 
12/25/2011,159395,,,, 
12/26/2011,161052,,,, 
12/27/2011,162709,,,, 
12/28/2011,164475,,,, 
12/29/2011,166400,,,, 
12/30/2011,168403,,,, 
12/31/2011,170342,,,, 
01/01/2012,172365,,,, 
01/02/2012,174862,,,, 
01/03/2012,177119,,,, 
01/04/2012,179129,,,, 
01/05/2012,181163,,,, 
01/06/2012,183279,,,, 
01/07/2012,185766,,,, 
01/08/2012,187830,,,, 
01/09/2012,189892,,,, 
01/10/2012,191954,,,, 
01/11/2012,193684,,,, 
01/12/2012,195414,,,, 
01/13/2012,197384,,,, 
01/14/2012,199628,,,, 
01/15/2012,201662,,,, 
01/16/2012,203675,,,, 
01/17/2012,205542,,,, 
01/18/2012,207257,,,, 
01/19/2012,208920,,,, 
01/20/2012,210607,,,, 
01/21/2012,212374,,,, 
01/22/2012,214015,,,, 
01/23/2012,215670,,,, 
01/24/2012,217288,,,, 
01/25/2012,219015,,,, 
01/26/2012,220930,,,, 
01/27/2012,222565,,,, 
01/28/2012,224363,,,, 
01/29/2012,225975,,,, 
01/30/2012,227529,,,, 
01/31/2012,229170,,,, 
02/01/2012,230723,,,, 
02/02/2012,232269,,,, 
02/03/2012,233587,,,, 
02/04/2012,235030,,,, 
02/05/2012,236336,,,, 
02/06/2012,237573,,,, 
02/07/2012,238898,,,, 
02/08/2012,240300,,,, 
02/09/2012,241922,,,, 
02/10/2012,243250,,,, 
02/11/2012,244849,,,, 
02/12/2012,246098,,,, 
02/13/2012,247253,,,, 
02/14/2012,248395,,,, 
02/15/2012,249613,,,, 
02/16/2012,250925,,,, 
02/17/2012,252192,,,, 
02/18/2012,253508,,,, 
02/19/2012,254829,,,, 
02/20/2012,256153,,,, 
02/21/2012,257409,,,, 
02/22/2012,258842,,,, 
02/23/2012,260072,,,, 
02/24/2012,261350,,,, 
02/25/2012,262724,,,, 
02/26/2012,263994,,,, 
02/27/2012,265214,,,, 
02/28/2012,266453,,,, 
02/29/2012,267662,,,, 
03/01/2012,268852,,,, 
03/02/2012,270189,,,, 
03/03/2012,271618,,,, 
03/04/2012,272985,,,, 
03/05/2012,274111,,,, 
03/06/2012,275267,,,, 
03/07/2012,276436,,,, 
03/08/2012,277741,,,, 
03/09/2012,279063,,,, 
03/10/2012,280494,,,, 
03/11/2012,281696,,,, 
03/12/2012,282910,,,, 
03/13/2012,284107,,,, 
03/14/2012,285311,,,, 
03/15/2012,286375,,,, 
03/16/2012,287499,,,, 
03/17/2012,288769,,,, 
03/18/2012,289874,,,, 
03/19/2012,291019,,,, 
03/20/2012,292240,,,, 
03/21/2012,293425,,,, 
03/22/2012,294585,,,, 
03/23/2012,295995,,,, 
03/24/2012,297327,,,, 
03/25/2012,298743,,,, 
03/26/2012,299930,,,, 
03/27/2012,301350,,,, 
03/28/2012,302516,,,, 
03/29/2012,303896,,,, 
03/30/2012,305126,,,, 
03/31/2012,306362,,,, 
04/01/2012,307604,,,, 
04/02/2012,308823,,,, 
04/03/2012,310113,,,, 
04/04/2012,311328,,,, 
04/05/2012,312574,,,, 
04/06/2012,313985,,,, 
04/07/2012,315305,,,, 
04/08/2012,316741,,,, 
04/09/2012,318072,,,, 
04/10/2012,319633,,,, 
04/11/2012,321169,,,, 
04/12/2012,322567,,,, 
04/13/2012,323957,,,, 
04/14/2012,325491,,,, 
04/15/2012,327024,,,, 
04/16/2012,328347,,,, 
04/17/2012,329666,,,, 
04/18/2012,330813,,,, 
04/19/2012,331952,,,, 
04/20/2012,333112,,,, 
04/21/2012,334280,,,, 
04/22/2012,335549,,,, 
04/23/2012,336557,,,, 
04/24/2012,337530,,,, 
04/25/2012,338484,,,, 
04/26/2012,339512,,,, 
04/27/2012,340560,,,, 
04/28/2012,341656,,,, 
04/29/2012,342748,,,, 
04/30/2012,343858,,,, 
05/01/2012,344914,,,, 
05/02/2012,345914,,,, 
05/03/2012,346977,,,, 
05/04/2012,348051,,,, 
05/05/2012,349209,,,, 
05/06/2012,350474,,,, 
05/07/2012,351609,,,, 
05/08/2012,352679,,,, 
05/09/2012,353781,,,, 
05/10/2012,354646,,,, 
05/11/2012,355986,,,, 
05/12/2012,357209,,,, 
05/13/2012,358304,,,, 
05/14/2012,359243,,,, 
05/15/2012,360268,,,, 
05/16/2012,361379,,,, 
05/17/2012,362451,,,, 
05/18/2012,363416,,,, 
05/19/2012,364602,,,, 
05/20/2012,365831,,,, 
05/21/2012,366969,,,, 
05/22/2012,368103,,,, 
05/23/2012,369227,,,, 
05/24/2012,370463,,,, 
05/25/2012,371325,,,, 
05/26/2012,372553,,,, 
05/27/2012,373688,,,, 
05/28/2012,374833,,,, 
05/29/2012,376032,,,, 
05/30/2012,377190,,,, 
05/31/2012,378406,,,, 
06/01/2012,379506,,,, 
06/02/2012,380770,,,, 
06/03/2012,382028,,,, 
06/04/2012,383194,,,, 
06/05/2012,384442,,,, 
06/06/2012,385755,,,, 
06/07/2012,386871,,,, 
06/08/2012,388141,,,, 
06/09/2012,389199,,,, 
06/10/2012,390334,,,, 
06/11/2012,391418,,,, 
06/12/2012,392641,,,, 
06/13/2012,393715,,,, 
06/14/2012,394937,,,, 
06/15/2012,396081,,,, 
06/16/2012,397324,,,, 
06/17/2012,398512,,,, 
06/18/2012,399671,,,, 
06/19/2012,400873,,,, 
06/20/2012,402096,,,, 
06/21/2012,403327,,,, 
06/22/2012,404555,,,, 
06/23/2012,405811,,,, 
06/24/2012,406983,,,, 
06/25/2012,408031,,,, 
06/26/2012,409202,,,, 
06/27/2012,410387,,,, 
06/28/2012,411856,,,, 
06/29/2012,413255,,,, 
06/30/2012,414683,,,, 
07/01/2012,415960,,,, 
07/02/2012,417228,,,, 
07/03/2012,418535,,,, 
07/04/2012,419823,,,, 
07/05/2012,421058,,,, 
07/06/2012,422323,,,, 
07/07/2012,423612,,,, 
07/08/2012,424972,,,, 
07/09/2012,426073,,,, 
07/10/2012,427226,,,, 
07/11/2012,428347,,,, 
07/12/2012,429627,,,, 
07/13/2012,430964,,,, 
07/14/2012,432524,,,, 
07/15/2012,433911,,,, 
07/16/2012,435117,,,, 
07/17/2012,436249,,,, 
07/18/2012,437420,,,, 
07/19/2012,438656,,,, 
07/20/2012,439909,,,, 
07/21/2012,441104,,,, 
07/22/2012,442384,,,, 
07/23/2012,443403,,,, 
07/24/2012,444446,,,, 
07/25/2012,445631,,,, 
07/26/2012,446879,,,, 
07/27/2012,448040,,,, 
07/28/2012,449306,,,, 
07/29/2012,450641,,,, 
07/30/2012,451826,,,, 
07/31/2012,452904,,,, 
08/01/2012,453980,,,, 
08/02/2012,455144,,,, 
08/03/2012,456474,,,, 
08/04/2012,457773,,,, 
08/05/2012,459035,,,, 
08/06/2012,460127,,,, 
08/07/2012,461248,,,, 
08/08/2012,462478,,,, 
08/09/2012,463681,,,, 
08/10/2012,464916,,,, 
08/11/2012,466099,,,, 
08/12/2012,467291,,,, 
08/13/2012,468400,,,, 
08/14/2012,469479,,,, 
08/15/2012,470738,,,, 
08/16/2012,471766,,,, 
08/17/2012,472748,,,, 
08/18/2012,473916,,,, 
08/19/2012,475212,,,, 
08/20/2012,476463,,,, 
08/21/2012,477516,,,, 
08/22/2012,478606,,,, 
08/23/2012,479694,,,, 
08/24/2012,480749,,,, 
08/25/2012,481977,,,, 
08/26/2012,483258,,,, 
08/27/2012,484359,,,, 
08/28/2012,485468,,,, 
08/29/2012,486525,,,, 
08/30/2012,487592,,,, 
08/31/2012,488602,,,, 
09/01/2012,489922,,,, 
09/02/2012,491111,,,, 
09/03/2012,492166,,,, 
09/04/2012,493209,,,, 
09/05/2012,494222,,,, 
09/06/2012,495422,,,, 
09/07/2012,496707,,,, 
09/08/2012,497980,,,, 
09/09/2012,499452,,,, 
09/10/2012,500634,,,, 
09/11/2012,501744,,,, 
09/12/2012,503150,,,, 
09/13/2012,504372,,,, 
09/14/2012,505736,,,, 
09/15/2012,507062,,,, 
09/16/2012,508317,,,, 
09/17/2012,509422,,,, 
09/18/2012,510359,,,, 
09/19/2012,511237,,,, 
09/20/2012,512334,,,, 
09/21/2012,513232,,,, 
09/22/2012,514162,,,, 
09/23/2012,515063,,,, 
09/24/2012,515905,,,, 
09/25/2012,516798,,,, 
09/26/2012,517937,,,, 
09/27/2012,521509,,,, 
09/28/2012,523705,,,, 
09/29/2012,525955,,,, 
09/30/2012,527818,,,, 
10/01/2012,529741,,,, 
10/02/2012,531734,,,, 
10/03/2012,533272,,,, 
10/04/2012,534903,,,, 
10/05/2012,536544,,,, 
10/06/2012,538438,,,, 
10/07/2012,540176,,,, 
10/08/2012,541813,,,, 
10/09/2012,543456,,,, 
10/10/2012,545044,,,, 
10/11/2012,546657,,,, 
10/12/2012,548247,,,, 
10/13/2012,549990,,,, 
10/14/2012,551667,,,, 
10/15/2012,553274,,,, 
10/16/2012,555016,,,, 
10/17/2012,556504,,,, 
10/18/2012,558145,,,, 
10/19/2012,559718,,,, 
10/20/2012,561667,,,, 
10/21/2012,563350,,,, 
10/22/2012,565549,,,, 
10/23/2012,566222,,,, 
10/24/2012,567886,,,, 
10/25/2012,569641,,,, 
10/26/2012,571440,,,, 
10/27/2012,573221,,,, 
10/28/2012,575063,,,, 
10/29/2012,576607,,,, 
10/30/2012,577821,,,, 
10/31/2012,579328,,,, 
11/01/2012,580830,,,, 
11/02/2012,582355,,,, 
11/03/2012,583574,,,, 
11/04/2012,585232,,,, 
11/05/2012,586765,,,, 
11/06/2012,588248,,,, 
11/07/2012,589671,,,, 
11/08/2012,591128,,,, 
11/09/2012,592635,,,, 
11/10/2012,594550,,,, 
11/11/2012,596795,,,, 
11/12/2012,598789,,,, 
11/13/2012,600815,,,, 
11/14/2012,603566,,,, 
11/15/2012,605759,,,, 
11/16/2012,608097,,,, 
11/17/2012,610006,,,, 
11/18/2012,611907,,,, 
11/19/2012,613460,,,, 
11/20/2012,615093,,,, 
11/21/2012,616752,,,, 
11/22/2012,618548,,,, 
11/23/2012,620405,,,, 
11/24/2012,622225,,,, 
11/25/2012,623659,,,, 
11/26/2012,625017,,,, 
11/27/2012,626380,,,, 
11/28/2012,627976,,,, 
11/29/2012,629492,,,, 
11/30/2012,631288,,,, 
12/01/2012,633031,,,, 
12/02/2012,634745,,,, 
12/03/2012,636220,,,, 
12/04/2012,637670,,,, 
12/05/2012,639096,,,, 
12/06/2012,640963,,,, 
12/07/2012,644925,,,, 
12/08/2012,648748,,,, 
12/09/2012,652252,,,, 
12/10/2012,655864,,,, 
12/11/2012,661005,,,, 
12/12/2012,665570,,,, 
12/13/2012,670262,,,, 
12/14/2012,675084,,,, 
12/15/2012,680012,,,, 
12/16/2012,684694,,,, 
12/17/2012,689182,,,, 
12/18/2012,693857,,,, 
12/19/2012,699304,,,, 
12/20/2012,706105,,,, 
12/21/2012,712640,,,, 
12/22/2012,719115,,,, 
12/23/2012,724784,,,, 
12/24/2012,730481,,,, 
12/25/2012,736281,,,, 
12/26/2012,742248,,,, 
12/27/2012,746975,,,, 
12/28/2012,751797,,,, 
12/29/2012,757258,,,, 
12/30/2012,761975,,,, 
12/31/2012,766506,,,, 
01/01/2013,772189,,,, 
01/02/2013,776698,,,, 
01/03/2013,781174,,,, 
01/04/2013,788087,,,, 
01/05/2013,793971,,,, 
01/06/2013,798342,,,, 
01/07/2013,802719,,,, 
01/08/2013,808346,,,, 
01/09/2013,813097,,,, 
01/10/2013,818724,,,, 
01/11/2013,826903,,,, 
01/12/2013,836179,,,, 
01/13/2013,844485,,,, 
01/14/2013,851712,,,, 
01/15/2013,858959,,,, 
01/16/2013,865769,,,, 
01/17/2013,872200,,,, 
01/18/2013,879537,,,, 
01/19/2013,887395,,,, 
01/20/2013,894722,,,, 
01/21/2013,901862,,,, 
01/22/2013,908509,,,, 
01/23/2013,915745,,,, 
01/24/2013,922259,,,, 
01/25/2013,928732,,,, 
01/26/2013,935610,,,, 
01/27/2013,941624,,,, 
01/28/2013,947495,,,, 
01/29/2013,953752,,,, 
01/30/2013,959887,,,, 
01/31/2013,966462,,,, 
02/01/2013,972962,,,, 
02/02/2013,980224,,,, 
02/03/2013,986581,,,, 
02/04/2013,993131,,,, 
02/05/2013,999614,,,, 
02/06/2013,1008164,,,, 
02/07/2013,1029219,,,, 
02/08/2013,1042546,,,, 
02/09/2013,1056048,,,, 
02/10/2013,1067522,,,, 
02/11/2013,1079391,,,, 
02/12/2013,1090266,,,, 
02/13/2013,1101114,,,, 
02/14/2013,1109047,,,, 
02/15/2013,1117721,,,, 
02/16/2013,1126792,,,, 
02/17/2013,1135147,,,, 
02/18/2013,1143316,,,, 
02/19/2013,1152095,,,, 
02/20/2013,1160816,,,, 
02/21/2013,1169208,,,, 
02/22/2013,1178632,,,, 
02/23/2013,1187274,,,, 
02/24/2013,1195639,,,, 
02/25/2013,1203247,,,, 
02/26/2013,1210669,,,, 
02/27/2013,1218364,,,, 
02/28/2013,1227466,,,, 
03/01/2013,1237780,,,, 
03/02/2013,1248566,,,, 
03/03/2013,1258230,,,, 
03/04/2013,1268001,,,, 
03/05/2013,1279353,,,, 
03/06/2013,1291052,,,, 
03/07/2013,1301993,,,, 
03/08/2013,1312743,,,, 
03/09/2013,1323533,,,, 
03/10/2013,1333998,,,, 
03/11/2013,1345618,,,, 
03/12/2013,1356838,,,, 
03/13/2013,1366889,,,, 
03/14/2013,1378162,,,, 
03/15/2013,1389716,,,, 
03/16/2013,1401774,,,, 
03/17/2013,1412750,,,, 
03/18/2013,1423957,,,, 
03/19/2013,1436339,,,, 
03/20/2013,1447004,,,, 
03/21/2013,1458718,,,, 
03/22/2013,1469138,,,, 
03/23/2013,1480321,,,, 
03/24/2013,1490420,,,, 
03/25/2013,1501532,,,, 
03/26/2013,1512358,,,, 
03/27/2013,1522465,,,, 
03/28/2013,1532282,,,, 
03/29/2013,1543476,,,, 
03/30/2013,1555097,,,, 
03/31/2013,1565586,,,, 
04/01/2013,1576349,,,, 
04/02/2013,1587619,,,, 
04/03/2013,1599310,,,, 
04/04/2013,1610041,,,, 
04/05/2013,1621681,,,, 
04/06/2013,1633818,,,, 
04/07/2013,1644762,,,, 
04/08/2013,1656097,,,, 
04/09/2013,1666977,,,, 
04/10/2013,1678380,,,, 
04/11/2013,1689844,,,, 
04/12/2013,1700696,,,, 
04/13/2013,1711342,,,, 
04/14/2013,1721200,,,, 
04/15/2013,1731243,,,, 
04/16/2013,1741482,,,, 
04/17/2013,1751948,,,, 
04/18/2013,1762420,,,, 
04/19/2013,1772846,,,, 
04/20/2013,1783845,,,, 
04/21/2013,1794297,,,, 
04/22/2013,1804654,,,, 
04/23/2013,1814795,,,, 
04/24/2013,1825518,,,, 
04/25/2013,1835295,,,, 
04/26/2013,1846082,,,, 
04/27/2013,1857545,,,, 
04/28/2013,1867739,,,, 
04/29/2013,1877805,,,, 
04/30/2013,1888086,,,, 
05/01/2013,1898208,,,, 
05/02/2013,1904484,,,, 
05/03/2013,1911461,,,, 
05/04/2013,1918481,,,, 
05/05/2013,1925019,,,, 
05/06/2013,1931251,,,, 
05/07/2013,1937712,,,, 
05/08/2013,1944228,,,, 
05/09/2013,1950531,,,, 
05/10/2013,1956990,,,, 
05/11/2013,1963404,,,, 
05/12/2013,1969203,,,, 
05/13/2013,1975428,,,, 
05/14/2013,1981633,,,, 
05/15/2013,1988005,,,, 
05/16/2013,1995058,,,, 
05/17/2013,2001568,,,, 
05/18/2013,2008296,,,, 
05/19/2013,2014366,,,, 
05/20/2013,2020488,,,, 
05/21/2013,2026552,,,, 
05/22/2013,2032618,,,, 
05/23/2013,2039173,,,, 
05/24/2013,2045583,,,, 
05/25/2013,2052996,,,, 
05/26/2013,2059703,,,, 
05/27/2013,2066212,,,, 
05/28/2013,2073594,,,, 
05/29/2013,2081068,,,, 
05/30/2013,2088569,,,, 
05/31/2013,2095720,,,, 
06/01/2013,2103415,,,, 
06/02/2013,2110758,,,, 
06/03/2013,2117962,,,, 
06/04/2013,2126387,,,, 
06/05/2013,2135406,,,, 
06/06/2013,2145223,,,, 
06/07/2013,2154275,,,, 
06/08/2013,2163629,,,, 
06/09/2013,2171842,,,, 
06/10/2013,2180143,,,, 
06/11/2013,2187945,,,, 
06/12/2013,2195965,,,, 
06/13/2013,2204296,,,, 
06/14/2013,2213125,,,, 
06/15/2013,2220891,,,, 
06/16/2013,2228554,,,, 
06/17/2013,2236667,,,, 
06/18/2013,2244776,,,, 
06/19/2013,2253057,,,, 
06/20/2013,2260660,,,, 
06/21/2013,2268791,,,, 
06/22/2013,2277254,,,, 
06/23/2013,2284369,,,, 
06/24/2013,2291473,,,, 
06/25/2013,2299295,,,, 
06/26/2013,2306863,,,, 
06/27/2013,2314652,,,, 
06/28/2013,2322526,,,, 
06/29/2013,2328773,,,, 
06/30/2013,2337841,,,, 
07/01/2013,2344599,,,, 
07/02/2013,2352118,,,, 
07/03/2013,2359471,,,, 
07/04/2013,2366506,,,, 
07/05/2013,2373618,,,, 
07/06/2013,2380549,,,, 
07/07/2013,2388519,,,, 
07/08/2013,2395461,,,, 
07/09/2013,2401448,,,, 
07/10/2013,2408323,,,, 
07/11/2013,2415312,,,, 
07/12/2013,2423356,,,, 
07/13/2013,2430147,,,, 
07/14/2013,2436577,,,, 
07/15/2013,2443020,,,, 
07/16/2013,2449624,,,, 
07/17/2013,2455734,,,, 
07/18/2013,2461704,,,, 
07/19/2013,2467694,,,, 
07/20/2013,2473774,,,, 
07/21/2013,2481174,,,, 
07/22/2013,2487247,,,, 
07/23/2013,2493486,,,, 
07/24/2013,2501655,,,, 
07/25/2013,2507913,,,, 
07/26/2013,2512572,,,, 
07/27/2013,2518686,,,, 
07/28/2013,2524677,,,, 
07/29/2013,2530723,,,, 
07/30/2013,2536661,,,, 
07/31/2013,2542090,,,, 
08/01/2013,2548026,,,, 
08/02/2013,2553853,,,, 
08/03/2013,2559274,,,, 
08/04/2013,2564801,,,, 
08/05/2013,2569264,,,, 
08/06/2013,2574984,,,, 
08/07/2013,2582208,,,, 
08/08/2013,2588685,,,, 
08/09/2013,2594837,,,, 
08/10/2013,2599099,,,, 
08/11/2013,2603493,,,, 
08/12/2013,2608638,,,, 
08/13/2013,2612830,,,, 
08/14/2013,2616644,,,, 
08/15/2013,2620727,,,, 
08/16/2013,2624888,,,, 
08/17/2013,2629579,,,, 
08/18/2013,2633966,,,, 
08/19/2013,2638503,,,, 
08/20/2013,2644100,,,, 
08/21/2013,2650714,,,, 
08/22/2013,2656380,,,, 
08/23/2013,2661983,,,, 
08/24/2013,2667214,,,, 
08/25/2013,2671929,,,, 
08/26/2013,2676059,,,, 
08/27/2013,2680184,,,, 
08/28/2013,2684726,,,, 
08/29/2013,2689961,,,, 
08/30/2013,2694994,,,, 
08/31/2013,2701948,,,, 
09/01/2013,2706940,,,, 
09/02/2013,2711194,,,, 
09/03/2013,2715636,,,, 
09/04/2013,2719863,,,, 
09/05/2013,2724410,,,, 
09/06/2013,2729804,,,, 
09/07/2013,2735199,,,, 
09/08/2013,2743002,,,, 
09/09/2013,2749738,,,, 
09/10/2013,2753545,,,, 
09/11/2013,2761013,,,, 
09/12/2013,2768741,,,, 
09/13/2013,2776180,,,, 
09/14/2013,2783477,,,, 
09/15/2013,2790748,,,, 
09/16/2013,2796617,,,, 
09/17/2013,2802352,,,, 
09/18/2013,2806012,,,, 
09/19/2013,2810237,,,, 
09/20/2013,2815471,,,, 
09/21/2013,2825140,,,, 
09/22/2013,2832952,,,, 
09/23/2013,2838641,,,, 
09/24/2013,2844762,,,, 
09/25/2013,2851241,,,, 
09/26/2013,2858352,,,, 
09/27/2013,2868840,,,, 
09/28/2013,2876497,,,, 
09/29/2013,2883022,,,, 
09/30/2013,2889115,,,, 
10/01/2013,2895561,,,, 
10/02/2013,2903278,,,, 
10/03/2013,2910586,,,, 
10/04/2013,2917386,,,, 
10/05/2013,2925395,,,, 
10/06/2013,2932702,,,, 
10/07/2013,2940074,,,, 
10/08/2013,2947368,,,, 
10/09/2013,2953980,,,, 
10/10/2013,2961282,,,, 
10/11/2013,2969082,,,, 
10/12/2013,2976938,,,, 
10/13/2013,2982791,,,, 
10/14/2013,2988806,,,, 
10/15/2013,2996166,,,, 
10/16/2013,3002460,,,, 
10/17/2013,3009505,,,, 
10/18/2013,3015782,,,, 
10/19/2013,3022117,,,, 
10/20/2013,3028248,,,, 
10/21/2013,3034807,,,, 
10/22/2013,3041479,,,, 
10/23/2013,3047349,,,, 
10/24/2013,3054357,,,, 
10/25/2013,3062844,,,, 
10/26/2013,3074435,,,, 
10/27/2013,3081499,,,, 
10/28/2013,3089696,,,, 
10/29/2013,3097715,,,, 
10/30/2013,3106073,,,, 
10/31/2013,3113533,,,, 
11/01/2013,3121410,,,, 
11/02/2013,3129456,,,, 
11/03/2013,3137561,,,, 
11/04/2013,3149424,,,, 
11/05/2013,3149424,,,, 
11/06/2013,3171404,,,, 
11/07/2013,3181925,,,, 
11/08/2013,3193447,,,, 
11/09/2013,3206385,,,, 
11/10/2013,3219609,,,, 
11/11/2013,3232474,,,, 
11/12/2013,3245196,,,, 
11/13/2013,3259514,,,, 
11/14/2013,3271500,,,, 
11/15/2013,3282659,,,, 
11/16/2013,3294939,,,, 
11/17/2013,3305502,,,, 
11/18/2013,3308964,,,, 
11/19/2013,3323132,,,, 
11/20/2013,3323132,,,, 
11/21/2013,3343409,,,, 
11/22/2013,3343409,,,, 
11/23/2013,3367627,,,, 
11/24/2013,3378289,,,, 
11/25/2013,3387921,,,, 
11/26/2013,3397064,,,, 
11/27/2013,3405695,,,, 
11/28/2013,3416506,,,, 
11/29/2013,3422407,,,, 
11/30/2013,3434297,,,, 
12/01/2013,3447983,,,, 
12/02/2013,3457069,,,, 
12/03/2013,3466788,,,, 
12/04/2013,3478767,,,, 
12/05/2013,3485701,,,, 
12/06/2013,3500088,,,, 
12/07/2013,3505863,,,, 
12/08/2013,3521388,,,, 
12/09/2013,3533292,,,, 
12/10/2013,3543092,,,, 
12/11/2013,3552527,,,, 
12/12/2013,3566758,,,, 
12/13/2013,3577150,,,, 
12/14/2013,3587666,,,, 
12/15/2013,3599949,,,, 
12/16/2013,3607427,,,, 
12/17/2013,3616357,,,, 
12/18/2013,3624116,,,, 
12/19/2013,3631539,,,, 
12/20/2013,3640221,,,, 
12/21/2013,3650246,,,, 
12/22/2013,3660323,,,, 
12/23/2013,3670210,,,,
12/24/2013,3680223,,,,
12/25/2013,3691512,,,,
12/26/2013,3702919,,,,
12/27/2013,3714855,,,,
12/28/2013,3725713,,,,
12/29/2013,3737094,,,,
12/30/2013,3746659,,,,
12/31/2013,3755781,,,,
01/01/2014,3766113,,,,
01/02/2014,3776651,,,,
01/03/2014,3786088,,,,
01/04/2014,3796607,,,,
01/05/2014,3807770,,,,
01/06/2014,3815423,,,,
01/07/2014,3824704,,,,
01/08/2014,3835619,,,,
01/09/2014,3846806,,,,
01/10/2014,3858224,,,,
01/11/2014,3869454,,,,
01/12/2014,3879252,,,,
01/13/2014,3887808,,,,
01/14/2014,3895900,,,,
01/15/2014,3903962,,,,
01/16/2014,3912608,,,,
01/17/2014,3923393,,,,
01/18/2014,3935674,,,,
01/19/2014,3946564,,,,
01/20/2014,3957348,,,,
01/21/2014,3969307,,,,
01/22/2014,3981187,,,,
01/23/2014,3991925,,,,
01/24/2014,4006188,,,,
01/25/2014,4015774,,,,
01/26/2014,4027272,,,,
01/27/2014,4034715,,,,
01/28/2014,4045348,,,,
01/29/2014,4055995,,,,
01/30/2014,4066215,,,,
01/31/2014,4075343,,,,
02/01/2014,4084809,,,,
02/02/2014,4094824,,,,
02/03/2014,4104878,,,,
02/04/2014,4112899,,,,
02/05/2014,4119374,,,,
02/06/2014,4130754,,,,
02/07/2014,4142733,,,,
02/08/2014,4151777,,,,
02/09/2014,4162483,,,,
02/10/2014,4173772,,,,
02/11/2014,4184419,,,,
02/12/2014,4194971,,,,
02/13/2014,4194971,,,,
02/14/2014,4194971,,,,
02/15/2014,4194971,,,,
02/16/2014,4194971,,,,
02/17/2014,4252576,,,,
02/18/2014,4261826,,,,
02/19/2014,4273162,,,,
02/20/2014,4283795,,,,
02/21/2014,4294365,,,,
02/22/2014,4304654,,,,
02/23/2014,4314882,,,,
02/24/2014,4323798,,,,
02/25/2014,4334024,,,,
02/26/2014,4348130,,,,
02/27/2014,4360438,,,,
02/28/2014,4373131,,,,
03/01/2014,4385963,,,,
03/02/2014,4396566,,,,
03/03/2014,4406355,,,,
03/04/2014,4412938,,,,
03/05/2014,4426640,,,,
03/06/2014,4440061,,,,
03/07/2014,4452419,,,,
03/08/2014,4465784,,,,
03/09/2014,4478564,,,,
03/10/2014,4489156,,,,
03/11/2014,4499412,,,,
03/12/2014,4511924,,,,
03/13/2014,4524329,,,,
03/14/2014,4529542,,,,
03/15/2014,4535531,,,,
03/16/2014,4541700,,,,
03/17/2014,4547695,,,,
03/18/2014,4553043,,,,
03/19/2014,4557647,,,,
03/20/2014,4563102,,,,
03/21/2014,4568728,,,,
03/22/2014,4575103,,,,
03/23/2014,4581515,,,,
03/24/2014,4586994,,,,
03/25/2014,4592573,,,,
03/26/2014,4598270,,,,
03/27/2014,4603392,,,,
03/28/2014,4608822,,,,
03/29/2014,4614850,,,,
03/30/2014,4620408,,,,
03/31/2014,4625623,,,,
04/01/2014,4630753,,,,
04/02/2014,4635723,,,,
04/03/2014,4640884,,,,
04/04/2014,4645661,,,,
04/05/2014,4651205,,,,
04/06/2014,4656676,,,,
04/07/2014,4661162,,,,
04/08/2014,4665689,,,,
04/09/2014,4670564,,,,
04/10/2014,4676175,,,,
04/11/2014,4681517,,,,
04/12/2014,4687085,,,,
04/13/2014,4692964,,,,
04/14/2014,4697577,,,,
04/15/2014,4702408,,,,
04/16/2014,4707289,,,,
04/17/2014,4712515,,,,
04/18/2014,4717585,,,,
04/19/2014,4723280,,,,
04/20/2014,4729020,,,,
04/21/2014,4733735,,,,
04/22/2014,4738902,,,,
04/23/2014,4744329,,,,
04/24/2014,4749257,,,,
04/25/2014,4754650,,,,
04/26/2014,4760024,,,,
04/27/2014,4765435,,,,
04/28/2014,4770017,,,,
04/29/2014,4774972,,,,
04/30/2014,4780422,,,,
05/01/2014,4785671,,,,
05/02/2014,4790821,,,,
05/03/2014,4796386,,,,
05/04/2014,4802037,,,,
05/05/2014,4807324,,,,
05/06/2014,4812188,,,,
05/07/2014,4817400,,,,
05/08/2014,4822447,,,,
05/09/2014,4828808,,,,
05/10/2014,4834786,,,,
05/11/2014,4837674,,,,
05/12/2014,4846519,,,,
05/13/2014,4848090,,,,
05/14/2014,4859356,,,,
05/15/2014,4862289,,,,
05/16/2014,4869268,,,,
05/17/2014,4877858,,,,
05/18/2014,4883973,,,,
05/19/2014,4889837,,,,
05/20/2014,4895406,,,,
05/21/2014,4901084,,,,
05/22/2014,4906504,,,,
05/23/2014,4912146,,,,
05/24/2014,4918122,,,,
05/25/2014,4923662,,,,
05/26/2014,4928742,,,,
05/27/2014,4934489,,,,
05/28/2014,4939911,,,,
05/29/2014,4945158,,,,
05/30/2014,4950529,,,,
05/31/2014,4956681,,,,
06/01/2014,4962240,,,,
06/02/2014,4968164,,,,
06/03/2014,4973535,,,,
06/04/2014,4979235,,,,
06/05/2014,4984681,,,,
06/06/2014,4991778,,,,
06/07/2014,5000200,,,,
06/08/2014,5008190,,,,
06/09/2014,5015550,,,,
06/10/2014,5022542,,,,
06/11/2014,5029782,,,,
06/12/2014,5030390,,,,
06/13/2014,5043813,,,,
06/14/2014,5050885,,,,
06/15/2014,5058206,,,,
06/16/2014,5025525,,,,
06/17/2014,5066607,,,,
06/18/2014,5073379,,,,
06/19/2014,5080048,,,,
06/20/2014,5089017,,,,
06/21/2014,5098274,,,,
06/22/2014,5107201,,,,
06/23/2014,5115112,,,,
06/24/2014,5122646,,,,
06/25/2014,5130066,,,,
06/26/2014,5094619,,,,
06/27/2014,5102477,,,,
06/28/2014,5109931,,,,
06/29/2014,5116743,,,,
06/30/2014,5122920,,,,
07/01/2014,5130275,,,,
07/02/2014,5136889,,,,
07/03/2014,5144513,,,,
07/04/2014,5152080,,,,
07/05/2014,5159840,,,,
07/06/2014,5167795,,,,
07/07/2014,5174327,,,,
07/08/2014,5181541,,,,
07/09/2014,5188224,,,,
07/10/2014,5194178,,,,
07/11/2014,5200455,,,,
07/12/2014,5208351,,,,
07/13/2014,5215121,,,,
07/14/2014,5221737,,,,
07/15/2014,5228058,,,,
07/16/2014,5234708,,,,
07/17/2014,5241774,,,,
07/18/2014,5248190,,,,
07/19/2014,5255191,,,,
07/20/2014,5261958,,,,
07/21/2014,5267703,,,,
07/22/2014,5273772,,,,
07/23/2014,5279086,,,,
07/24/2014,5285080,,,,
07/25/2014,5291377,,,,
07/26/2014,5297704,,,,
07/27/2014,5304869,,,,
07/28/2014,5311425,,,,
07/29/2014,5318165,,,,
07/30/2014,5324170,,,,
07/31/2014,5330599,,,,
08/01/2014,5337664,,,,
08/02/2014,5345337,,,,
08/03/2014,5352929,,,,
08/04/2014,5359584,,,,
08/05/2014,5366440,,,,
08/06/2014,5373196,,,,
08/07/2014,5379985,,,,
08/08/2014,5386893,,,,
08/09/2014,5393720,,,,
08/10/2014,5400360,,,,
08/11/2014,5406532,,,,
08/12/2014,5412356,,,,
08/13/2014,5418333,,,,
08/14/2014,5424554,,,,
08/15/2014,5431691,,,,
08/16/2014,5438998,,,,
08/17/2014,5446346,,,,
08/18/2014,5453028,,,,
08/19/2014,5459377,,,,
08/20/2014,5465291,,,,
08/21/2014,5471951,,,,
08/22/2014,5478224,,,,
08/23/2014,5484501,,,,
08/24/2014,5490933,,,,
08/25/2014,5496739,,,,
08/26/2014,5501685,,,,
08/27/2014,5511265,,,,
08/28/2014,5518901,,,,
08/29/2014,5526383,,,,
08/30/2014,5533693,,,,
08/31/2014,5540826,,,,
09/01/2014,5547248,,,,
09/02/2014,5554258,,,,
09/03/2014,5562062,,,,
09/04/2014,5569056,,,,
09/05/2014,5575837,,,,
09/06/2014,5582597,,,,
09/07/2014,5589295,,,,
09/08/2014,5594917,,,,
09/09/2014,5601079,,,,
09/10/2014,5608066,,,,
09/11/2014,5616359,,,,
09/12/2014,5625133,,,,
09/13/2014,5632800,,,,
09/14/2014,5639654,,,,
09/15/2014,5645719,,,,
09/16/2014,5652191,,,,
09/17/2014,5658124,,,,
09/18/2014,5664463,,,,
09/19/2014,5670423,,,,
09/20/2014,5677551,,,,
09/21/2014,5684299,,,,
09/22/2014,5690411,,,,
09/23/2014,5696602,,,,
09/24/2014,5702641,,,,
09/25/2014,5708885,,,,
09/26/2014,5714972,,,,
09/27/2014,5720443,,,,
09/28/2014,5726430,,,,
09/29/2014,5731021,,,,
09/30/2014,5735710,,,,
10/01/2014,5740603,,,,
10/02/2014,5745365,,,,
10/03/2014,5750123,,,,
10/04/2014,5755307,,,,
10/05/2014,5760942,,,,
10/06/2014,5766518,,,,
10/07/2014,5771426,,,,
10/08/2014,5776920,,,,
10/09/2014,5776920,,,,
10/10/2014,5788670,,,,
10/11/2014,5794395,,,,
10/12/2014,5800677,,,,
10/13/2014,5806448,,,,
10/14/2014,5811603,,,,
10/15/2014,5816959,,,,
10/16/2014,5822106,,,,
10/17/2014,5827180,,,,
10/18/2014,5833166,,,,
10/19/2014,5838270,,,,
10/20/2014,5844609,,,,
10/21/2014,5849751,,,,
10/22/2014,5855688,,,,
10/23/2014,5855688,,,,
10/24/2014,5867896,,,,
10/25/2014,5874931,,,,
10/26/2014,5881726,,,,
10/27/2014,5887712,,,,
10/28/2014,5893111,,,,
10/29/2014,5899081,,,,
10/30/2014,5905798,,,,
10/31/2014,5911640,,,,
11/01/2014,5918180,,,,
11/02/2014,5924633,,,,
11/03/2014,5930525,,,,
11/04/2014,5935325,,,,
11/05/2014,5941003,,,,
11/06/2014,5946554,,,,
11/07/2014,5952101,,,,
11/08/2014,5958277,,,,
11/09/2014,5965008,,,,
11/10/2014,5971148,,,,
11/11/2014,5976761,,,,
11/12/2014,5982350,,,,
11/13/2014,5988169,,,,
11/14/2014,5994008,,,,
11/15/2014,5999946,,,,
11/16/2014,6006562,,,,
11/17/2014,6011798,,,,
11/18/2014,6016804,,,,
11/19/2014,6022602,,,,
11/20/2014,6028231,,,,
11/21/2014,6033459,,,,
11/22/2014,6039424,,,,
11/23/2014,6045751,,,,
11/24/2014,6050654,,,,
11/25/2014,6055398,,,,
11/26/2014,6060142,,,,
11/27/2014,6065285,,,,
11/28/2014,6070270,,,,
11/29/2014,6076044,,,,
11/30/2014,6081251,,,,
12/01/2014,6085653,,,,
12/02/2014,6076063,,,,
12/03/2014,6081873,,,,
12/04/2014,6087555,,,,
12/05/2014,6093106,,,,
12/06/2014,6098871,,,,
12/07/2014,6104399,,,,
12/08/2014,6109312,,,,
12/09/2014,6113916,,,,
12/10/2014,6118861,,,,
12/11/2014,6123722,,,,
12/12/2014,6129078,,,,
12/13/2014,6134311,,,,
12/14/2014,6139499,,,,
12/15/2014,6143649,,,,
12/16/2014,6148369,,,,
12/17/2014,6153846,,,,
12/18/2014,6159676,,,,
12/19/2014,6165755,,,,
12/20/2014,6171520,,,,
12/21/2014,6178360,,,,
12/22/2014,6183087,,,,
12/23/2014,6189129,,,,
12/24/2014,6195114,,,,
12/25/2014,6202015,,,,
12/26/2014,6208388,,,,
12/27/2014,6214849,,,,
12/28/2014,6221250,,,,
12/29/2014,6227284,,,,
12/30/2014,6232867,,,,
12/31/2014,6239122,,,,
01/01/2015,6244592,,,,
01/02/2015,6250959,,,,
01/03/2015,6257336,,,,
01/04/2015,6263908,,,,
01/05/2015,6269353,,,,
01/06/2015,6275623,,,,
01/07/2015,6281391,,,,
01/08/2015,6287241,,,,
01/09/2015,6293574,,,,
01/10/2015,6299895,,,,
01/11/2015,6306970,,,,
01/12/2015,6313160,,,,
01/13/2015,6318828,,,,
01/14/2015,6325113,,,,
01/15/2015,6331794,,,,
01/16/2015,6337965,,,,
01/17/2015,6345042,,,,
01/18/2015,6352074,,,,
01/19/2015,6358624,,,,
01/20/2015,6364295,,,,
01/21/2015,6370807,,,,
01/22/2015,6377411,,,,
01/23/2015,6383888,,,,
01/24/2015,6390650,,,,
01/25/2015,6397592,,,,
01/26/2015,6404058,,,,
01/27/2015,6409609,,,,
01/28/2015,6415469,,,,
01/29/2015,6421199,,,,
01/30/2015,6427211,,,,
01/31/2015,6433597,,,,
02/01/2015,6440255,,,,
02/02/2015,6446335,,,,
02/03/2015,6452253,,,,
02/04/2015,6458287,,,,
02/05/2015,6464603,,,,
02/06/2015,6470448,,,,
02/07/2015,6479122,,,,
02/08/2015,6487396,,,,
02/09/2015,6494332,,,,
02/10/2015,6500987,,,,
02/11/2015,6504531,,,,
02/12/2015,6515373,,,,
02/13/2015,6522624,,,,
02/14/2015,6529455,,,,
02/15/2015,6536796,,,,
02/16/2015,6543441,,,,
02/17/2015,6551517,,,,
02/18/2015,6557743,,,,
02/19/2015,6563783,,,,
02/20/2015,6570494,,,,
02/21/2015,6577119,,,,
02/22/2015,6582933,,,,
02/23/2015,6588334,,,,
02/24/2015,6593916,,,,
02/25/2015,6598925,,,,
02/26/2015,6605058,,,,
02/27/2015,6611580,,,,
02/28/2015,6617756,,,,
03/01/2015,6624537,,,,
03/02/2015,6630483,,,,
03/03/2015,6635280,,,,
03/04/2015,6640899,,,,
03/05/2015,6647063,,,,
03/06/2015,6652689,,,,
03/07/2015,6659704,,,,
03/08/2015,6665436,,,,
03/09/2015,6670899,,,,
03/10/2015,6675888,,,,
03/11/2015,6681143,,,,
03/12/2015,6686793,,,,
03/13/2015,6692114,,,,
03/14/2015,6697963,,,,
03/15/2015,6704423,,,,
03/16/2015,6710118,,,,
03/17/2015,6715560,,,,
03/18/2015,6721352,,,,
03/19/2015,6728319,,,,
03/20/2015,6734593,,,,
03/21/2015,6740962,,,,
03/22/2015,6747040,,,,
03/23/2015,6752908,,,,
03/24/2015,6758220,,,,
03/25/2015,6763989,,,,
03/26/2015,6769116,,,,
03/27/2015,6774271,,,,
03/28/2015,6779864,,,,
03/29/2015,6785862,,,,
03/30/2015,6790778,,,,
03/31/2015,6796777,,,,
04/01/2015,6801444,,,,
04/02/2015,6807140,,,,
04/03/2015,6812231,,,,
04/04/2015,6817661,,,,
04/05/2015,6823244,,,,
04/06/2015,6828188,,,,
04/07/2015,6833583,,,,
04/08/2015,6838391,,,,
04/09/2015,6843906,,,,
04/10/2015,6848908,,,,
04/11/2015,6854709,,,,
04/12/2015,6860240,,,,
04/13/2015,6865809,,,,
04/14/2015,6870782,,,,
04/15/2015,6875259,,,,
04/16/2015,6880738,,,,
04/17/2015,6886322,,,,
04/18/2015,6892001,,,,
04/19/2015,6897560,,,,
04/20/2015,6903049,,,,
04/21/2015,6908387,,,,
04/22/2015,6913415,,,,
04/23/2015,6919420,,,,
04/24/2015,6924260,,,,
04/25/2015,6929658,,,,
04/26/2015,6934996,,,,
04/27/2015,6939841,,,,
04/28/2015,6944484,,,,
04/29/2015,6949496,,,,
04/30/2015,6954762,,,,
05/01/2015,6960337,,,,
05/02/2015,6965609,,,,
05/03/2015,6970916,,,,
05/04/2015,6975741,,,,
05/05/2015,6981075,,,,
05/06/2015,6985645,,,,
05/07/2015,6990464,,,,
05/08/2015,6996056,,,,
05/09/2015,7001990,,,,
05/10/2015,7007536,,,,
05/11/2015,7012809,,,,
05/12/2015,7018496,,,,
05/13/2015,7023565,,,,
05/14/2015,7028286,,,,
05/15/2015,7034235,,,,
05/16/2015,7039607,,,,
05/17/2015,7045381,,,,
05/18/2015,7051217,,,,
05/19/2015,7057321,,,,
05/20/2015,7062874,,,,
05/21/2015,7067857,,,,
05/22/2015,7073609,,,,
05/23/2015,7080039,,,,
05/24/2015,7085824,,,,
05/25/2015,7091478,,,,
05/26/2015,7096917,,,,
05/27/2015,7103506,,,,
05/28/2015,7109441,,,,
05/29/2015,7116557,,,,
05/30/2015,7123312,,,,
05/31/2015,7129972,,,,
06/01/2015,7135955,,,,
06/02/2015,7141705,,,,
06/03/2015,7148975,,,,
06/04/2015,7156891,,,,
06/05/2015,7156298,,,,
06/06/2015,7163241,,,,
06/07/2015,7169699,,,,
06/08/2015,7175635,,,,
06/09/2015,7181483,,,,
06/10/2015,7187678,,,,
06/11/2015,7193532,,,,
06/12/2015,7199094,,,,
06/13/2015,7204949,,,,
06/14/2015,7210733,,,,
06/15/2015,7216080,,,,
06/16/2015,7221566,,,,
06/17/2015,7226996,,,,
06/18/2015,7231672,,,,
06/19/2015,7236872,,,,
06/20/2015,7241922,,,,
06/21/2015,7247399,,,,
06/22/2015,7252071,,,,
06/23/2015,7257305,,,,
06/24/2015,7261643,,,,
06/25/2015,7267713,,,,
06/26/2015,7273430,,,,
06/27/2015,7279447,,,,
06/28/2015,7285453,,,,
06/29/2015,7290791,,,,
06/30/2015,7295703,,,,
07/01/2015,7301777,,,,
07/02/2015,7307113,,,,
07/03/2015,7313163,,,,
07/04/2015,7319459,,,,
07/05/2015,7325934,,,,
07/06/2015,7331268,,,,
07/07/2015,7337557,,,,
07/08/2015,7343504,,,,
07/09/2015,7350485,,,,
07/10/2015,7357342,,,,
07/11/2015,7363690,,,,
07/12/2015,7370395,,,,
07/13/2015,7377475,,,,
07/14/2015,7383344,,,,
07/15/2015,7389906,,,,
07/16/2015,7397820,,,,
07/17/2015,7405528,,,,
07/18/2015,7414633,,,,
07/19/2015,7422699,,,,
07/20/2015,7418493,,,,
07/21/2015,7425473,,,,
07/22/2015,7433334,,,,
07/23/2015,7441157,,,,
07/24/2015,7447339,,,,
07/25/2015,7454541,,,,
07/26/2015,7461798,,,,
07/27/2015,7468371,,,,
07/28/2015,7475183,,,,
07/29/2015,7482172,,,,
07/30/2015,7488857,,,,
07/31/2015,7495230,,,,
08/01/2015,7502885,,,,
08/02/2015,7510215,,,,
08/03/2015,7516422,,,,
08/04/2015,7521820,,,,
08/05/2015,7529089,,,,
08/06/2015,7535771,,,,
08/07/2015,7542529,,,,
08/08/2015,7548962,,,,
08/09/2015,7557189,,,,
08/10/2015,7564040,,,,
08/11/2015,7570536,,,,
08/12/2015,7578961,,,,
08/13/2015,7587108,,,,
08/14/2015,7593908,,,,
08/15/2015,7601372,,,,
08/16/2015,7608453,,,,
08/17/2015,7615791,,,,
08/18/2015,7622368,,,,
08/19/2015,7629098,,,,
08/20/2015,7636492,,,,
08/21/2015,7643296,,,,
08/22/2015,7649912,,,,
08/23/2015,7657409,,,,
08/24/2015,7663930,,,,
08/25/2015,7668555,,,,
08/26/2015,7676455,,,,
08/27/2015,7683675,,,,
08/28/2015,7690896,,,,
08/29/2015,7698556,,,,
08/30/2015,7705467,,,,
08/31/2015,7712705,,,,
09/01/2015,7720328,,,,
09/02/2015,7731990,,,,
09/03/2015,7745706,,,,
09/04/2015,7760472,,,,
09/05/2015,7774346,,,,
09/06/2015,7787209,,,,
09/07/2015,7798274,,,,
09/08/2015,7808963,,,,
09/09/2015,7819168,,,,
09/10/2015,7828719,,,,
09/11/2015,7838659,,,,
09/12/2015,7849704,,,,
09/13/2015,7860380,,,,
09/14/2015,7869323,,,,
09/15/2015,7878660,,,,
09/16/2015,7887445,,,,
09/17/2015,7896395,,,,
09/18/2015,7904798,,,,
09/19/2015,7914760,,,,
09/20/2015,7923621,,,,
09/21/2015,7932597,,,,
09/22/2015,7940790,,,,
09/23/2015,7949847,,,,
09/24/2015,7958245,,,,
09/25/2015,7967017,,,,
09/26/2015,7976485,,,,
09/27/2015,7985338,,,,
09/28/2015,7992606,,,,
09/29/2015,7999859,,,,
09/30/2015,8006894,,,,
10/01/2015,8014457,,,,
10/02/2015,8022662,,,,
10/03/2015,8030348,,,,
10/04/2015,8038420,,,,
10/05/2015,8045670,,,,
10/06/2015,8051890,,,,
10/07/2015,8059701,,,,
10/08/2015,8067259,,,,
10/09/2015,8076545,,,,
10/10/2015,8086836,,,,
10/11/2015,8096340,,,,
10/12/2015,8104572,,,,
10/13/2015,8113380,,,,
10/14/2015,8122194,,,,
10/15/2015,8131377,,,,
10/16/2015,8141449,,,,
10/17/2015,8153920,,,,
10/18/2015,8164842,,,,
10/19/2015,8175321,,,,
10/20/2015,8185864,,,,
10/21/2015,8194850,,,,
10/22/2015,8206240,,,,
10/23/2015,8217189,,,,
10/24/2015,8228350,,,,
10/25/2015,8238852,,,,
10/26/2015,8248031,,,,
10/27/2015,8257776,,,,
10/28/2015,8267374,,,,
10/29/2015,8277316,,,,
10/30/2015,8288089,,,,
10/31/2015,8299080,,,,
11/01/2015,8310231,,,,
11/02/2015,8319915,,,,
11/03/2015,8327329,,,,
11/04/2015,8336758,,,,
11/05/2015,8345836,,,,
11/06/2015,8355320,,,,
11/07/2015,8364937,,,,
11/08/2015,8374725,,,,
11/09/2015,8383677,,,,
11/10/2015,8393003,,,,
11/11/2015,8401705,,,,
11/12/2015,8410908,,,,
11/13/2015,8420645,,,,
11/14/2015,8431275,,,,
11/15/2015,8441979,,,,
11/16/2015,8451899,,,,
11/17/2015,8462317,,,,
11/18/2015,8473490,,,,
11/19/2015,8484318,,,,
11/20/2015,8494233,,,,
11/21/2015,8504516,,,,
11/22/2015,8514218,,,,
11/23/2015,8522727,,,,
11/24/2015,8532328,,,,
11/25/2015,8542648,,,,
11/26/2015,8553029,,,,
11/27/2015,8564147,,,,
11/28/2015,8574941,,,,
11/29/2015,8585683,,,,
11/30/2015,8595265,,,,
12/01/2015,8604706,,,,
12/02/2015,8614719,,,,
12/03/2015,8627803,,,,
12/04/2015,8637818,,,,
12/05/2015,8648336,,,,
12/06/2015,8659050,,,,
12/07/2015,8669281,,,,
12/08/2015,8678680,,,,
12/09/2015,8687488,,,,
12/10/2015,8698035,,,,
12/11/2015,8709549,,,,
12/12/2015,8721040,,,,
12/13/2015,8731225,,,,
12/14/2015,8740401,,,,
12/15/2015,8748748,,,,
12/16/2015,8757840,,,,
12/17/2015,8767584,,,,
12/18/2015,8777319,,,,
12/19/2015,8786822,,,,
12/20/2015,8795076,,,,
12/21/2015,8803300,,,,
12/22/2015,8812686,,,,
12/23/2015,8821839,,,,
12/24/2015,8831968,,,,
12/25/2015,8841056,,,,
12/26/2015,8850868,,,,
12/27/2015,8859701,,,,
12/28/2015,8867839,,,,
12/29/2015,8877101,,,,
12/30/2015,8886361,,,,
12/31/2015,8895744,,,,
01/01/2016,8905366,,,,
01/02/2016,8915039,,,,
01/03/2016,8924783,,,,
01/04/2016,8933649,,,,
01/05/2016,8943544,,,,
01/06/2016,8953585,,,,
01/07/2016,8963701,,,,
01/08/2016,8974211,,,,
01/09/2016,8984977,,,,
01/10/2016,8995384,,,,
01/11/2016,9004574,,,,
01/12/2016,9014602,,,,
01/13/2016,9025117,,,,
01/14/2016,9034976,,,,
01/15/2016,9045026,,,,
01/16/2016,9054943,,,,
01/17/2016,9065018,,,,
01/18/2016,9074155,,,,
01/19/2016,9083173,,,,
01/20/2016,9092731,,,,
01/21/2016,9102738,,,,
01/22/2016,9112871,,,,
01/23/2016,9123859,,,,
01/24/2016,9134518,,,,
01/25/2016,9145169,,,,
01/26/2016,9155191,,,,
01/27/2016,9164696,,,,
01/28/2016,9174344,,,,
01/29/2016,9184606,,,,
01/30/2016,9195162,,,,
01/31/2016,9206089,,,,
02/01/2016,9215611,,,,
02/02/2016,9225916,,,,
02/03/2016,9237116,,,,
02/04/2016,9247727,,,,
02/05/2016,9258840,,,,
02/06/2016,9269637,,,,
02/07/2016,9281087,,,,
02/08/2016,9292061,,,,
02/09/2016,9303036,,,,
02/10/2016,9314870,,,,
02/11/2016,9326999,,,,
02/12/2016,9339708,,,,
02/13/2016,9352854,,,,
02/14/2016,9366301,,,,
02/15/2016,9379643,,,,
02/16/2016,9392050,,,,
02/17/2016,9403377,,,,
02/18/2016,9416434,,,,
02/19/2016,9429306,,,,
02/20/2016,9443715,,,,
02/21/2016,9458972,,,,
02/22/2016,9472601,,,,
02/23/2016,9486628,,,,
02/24/2016,9500121,,,,
02/25/2016,9510903,,,,
02/26/2016,9521352,,,,
02/27/2016,9533213,,,,
02/28/2016,9543952,,,,
02/29/2016,9554049,,,,
03/01/2016,9563685,,,,
03/02/2016,9575047,,,,
03/03/2016,9587563,,,,
03/04/2016,9599987,,,,
03/05/2016,9612354,,,,
03/06/2016,9624918,,,,
03/07/2016,9637050,,,,
03/08/2016,9647415,,,,
03/09/2016,9658103,,,,
03/10/2016,9669050,,,,
03/11/2016,9678924,,,,
03/12/2016,9690777,,,,
03/13/2016,9702694,,,,
03/14/2016,9714287,,,,
03/15/2016,9725654,,,,
03/16/2016,9736631,,,,
03/17/2016,9746988,,,,
03/18/2016,9758372,,,,
03/19/2016,9769319,,,,
03/20/2016,9781004,,,,
03/21/2016,9791607,,,,
03/22/2016,9803025,,,,
03/23/2016,9813923,,,,
03/24/2016,9824901,,,,
03/25/2016,9836086,,,,
03/26/2016,9849278,,,,
03/27/2016,9861926,,,,
03/28/2016,9875914,,,,
03/29/2016,9889329,,,,
03/30/2016,9901451,,,,
03/31/2016,9912601,,,,
04/01/2016,9924896,,,,
04/02/2016,9937975,,,,
04/03/2016,9950815,,,,
04/04/2016,9961353,,,,
04/05/2016,9972207,,,,
04/06/2016,9983925,,,,
04/07/2016,9996836,,,,
04/08/2016,10012607,,,,
04/09/2016,10026585,,,,
04/10/2016,10040445,,,,
04/11/2016,10052234,,,,
04/12/2016,10064121,,,,
04/13/2016,10075963,,,,
04/14/2016,10088777,,,,
04/15/2016,10101776,,,,
04/16/2016,10114668,,,,
04/17/2016,10126287,,,,
04/18/2016,10137960,,,,
04/19/2016,10150483,,,,
04/20/2016,10162068,,,,
04/21/2016,10173512,,,,
04/22/2016,10185404,,,,
04/23/2016,10197803,,,,
04/24/2016,10210277,,,,
04/25/2016,10222507,,,,
04/26/2016,10233746,,,,
04/27/2016,10245128,,,,
04/28/2016,10255747,,,,
04/29/2016,10267384,,,,
04/30/2016,10279326,,,,
05/01/2016,10291467,,,,
05/02/2016,10303031,,,,
05/03/2016,10313744,,,,
05/04/2016,10324566,,,,
05/05/2016,10336565,,,,
05/06/2016,10349196,,,,
05/07/2016,10360826,,,,
05/08/2016,10373126,,,,
05/09/2016,10384103,,,,
05/10/2016,10394993,,,,
05/11/2016,10407667,,,,
05/12/2016,10420746,,,,
05/13/2016,10433319,,,,
05/14/2016,10446531,,,,
05/15/2016,10458310,,,,
05/16/2016,10469400,,,,
05/17/2016,10481391,,,,
05/18/2016,10493348,,,,
05/19/2016,10505028,,,,
05/20/2016,10516987,,,,
05/21/2016,10529206,,,,
05/22/2016,10540967,,,,
05/23/2016,10552437,,,,
05/24/2016,10564397,,,,
05/25/2016,10577206,,,,
05/26/2016,10589786,,,,
05/27/2016,10602218,,,,
05/28/2016,10615154,,,,
05/29/2016,10627109,,,,
05/30/2016,10638893,,,,
05/31/2016,10650327,,,,
06/01/2016,10661893,,,,
06/02/2016,10673687,,,,
06/03/2016,10685545,,,,
06/04/2016,10698453,,,,
06/05/2016,10710565,,,,
06/06/2016,10720456,,,,
06/07/2016,10729769,,,,
06/08/2016,10739652,,,,
06/09/2016,10750033,,,,
06/10/2016,10759429,,,,
06/11/2016,10771766,,,,
06/12/2016,10783023,,,,
06/13/2016,10792478,,,,
06/14/2016,10802596,,,,
06/15/2016,10813659,,,,
06/16/2016,10824385,,,,
06/17/2016,10835131,,,,
06/18/2016,10846509,,,,
06/19/2016,10857510,,,,
06/20/2016,10867838,,,,
06/21/2016,10877662,,,,
06/22/2016,10887326,,,,
06/23/2016,10897524,,,,
06/24/2016,10908495,,,,
06/25/2016,10919688,,,,
06/26/2016,10930397,,,,
06/27/2016,10940123,,,,
06/28/2016,10923883,,,,
06/29/2016,10935096,,,,
06/30/2016,10946296,,,,
07/01/2016,10958038,,,,
07/02/2016,10970177,,,,
07/03/2016,10981792,,,,
07/04/2016,10992235,,,,
07/05/2016,11002774,,,,
07/06/2016,11015280,,,,
07/07/2016,11028216,,,,
07/08/2016,11040944,,,,
07/09/2016,11053903,,,,
07/10/2016,11066116,,,,
07/11/2016,11077397,,,,
07/12/2016,11089930,,,,
07/13/2016,11102642,,,,
07/14/2016,11115172,,,,
07/15/2016,11128354,,,,
07/16/2016,11141243,,,,
07/17/2016,11154397,,,,
07/18/2016,11166392,,,,
07/19/2016,11179665,,,,
07/20/2016,11193261,,,,
07/21/2016,11206682,,,,
07/22/2016,11219710,,,,
07/23/2016,11230919,,,,
07/24/2016,11245301,,,,
07/25/2016,11258742,,,,
07/26/2016,11271352,,,,
07/27/2016,11284745,,,,
07/28/2016,11297754,,,,
07/29/2016,11312076,,,,
07/30/2016,11327877,,,,
07/31/2016,11343104,,,,
08/01/2016,11357668,,,,
08/02/2016,11370996,,,,
08/03/2016,11386134,,,,
08/04/2016,11404412,,,,
08/05/2016,11422461,,,,
08/06/2016,11442107,,,,
08/07/2016,11460774,,,,
08/08/2016,11479995,,,,
08/09/2016,11496337,,,,
08/10/2016,11511689,,,,
08/11/2016,11527209,,,,
08/12/2016,11543843,,,,
08/13/2016,11559667,,,,
08/14/2016,11575732,,,,
08/15/2016,11590009,,,,
08/16/2016,11604443,,,,
08/17/2016,11621321,,,,
08/18/2016,11637464,,,,
08/19/2016,11652926,,,,
08/20/2016,11668526,,,,
08/21/2016,11684116,,,,
08/22/2016,11698389,,,,
08/23/2016,11713214,,,,
08/24/2016,11728368,,,,
08/25/2016,11745163,,,,
08/26/2016,11760369,,,,
08/27/2016,11775909,,,,
08/28/2016,11791861,,,,
08/29/2016,11804664,,,,
08/30/2016,11818039,,,,
08/31/2016,11831758,,,,
09/01/2016,11846032,,,,
09/02/2016,11862927,,,,
09/03/2016,11879408,,,,
09/04/2016,11894533,,,,
09/05/2016,11908432,,,,
09/06/2016,11921887,,,,
09/07/2016,11937386,,,,
09/08/2016,11953626,,,,
09/09/2016,11972702,,,,
09/10/2016,11990403,,,,
09/11/2016,12007501,,,,
09/12/2016,12022159,,,,
09/13/2016,12040241,,,,
09/14/2016,12055792,,,,
09/15/2016,12073966,,,,
09/16/2016,12090231,,,,
09/17/2016,12106493,,,,
09/18/2016,12122606,,,,
09/19/2016,12135344,,,,
09/20/2016,12150914,,,,
09/21/2016,12167900,,,,
09/22/2016,12180713,,,,
09/23/2016,12198410,,,,
09/24/2016,12216416,,,,
09/25/2016,12233693,,,,
09/26/2016,12249101,,,,
09/27/2016,12265436,,,,
09/28/2016,12281726,,,,
09/29/2016,12298376,,,,
09/30/2016,12314181,,,,
10/01/2016,12332007,,,,
10/02/2016,12349052,,,,
10/03/2016,12364150,,,,
10/04/2016,12380578,,,,
10/05/2016,12395807,,,,
10/06/2016,12412951,,,,
10/07/2016,12429779,,,,
10/08/2016,12450287,,,,
10/09/2016,12468650,,,,
10/10/2016,12486644,,,,
10/11/2016,12504133,,,,
10/12/2016,12520304,,,,
10/13/2016,12536436,,,,
10/14/2016,12558701,,,,
10/15/2016,12579475,,,,
10/16/2016,12597952,,,,
10/17/2016,12614115,,,,
10/18/2016,12631934,,,,
10/19/2016,12652096,,,,
10/20/2016,12670518,,,,
10/21/2016,12690852,,,,
10/22/2016,12711101,,,,
10/23/2016,12732405,,,,
10/24/2016,12751169,,,,
10/25/2016,12769617,,,,
10/26/2016,12789276,,,,
10/27/2016,12813196,,,,
10/28/2016,12832507,,,,
10/29/2016,12856238,,,,
10/30/2016,12878468,,,,
10/31/2016,12900747,,,,
11/01/2016,12921321,,,,
11/02/2016,12934439,,,,
11/03/2016,12954149,,,,
11/04/2016,12977041,,,,
11/05/2016,13000924,,,,
11/06/2016,13025710,,,,
11/07/2016,13049389,,,,
11/08/2016,13072513,,,,
11/09/2016,13095700,,,,
11/10/2016,13119096,,,,
11/11/2016,13142960,,,,
11/12/2016,13166221,,,,
11/13/2016,13188778,,,,
11/14/2016,13210529,,,,
11/15/2016,13231592,,,,
11/16/2016,13253892,,,,
11/17/2016,13268684,,,,
11/18/2016,13299783,,,,
11/19/2016,13324508,,,,
11/20/2016,13349039,,,,
11/21/2016,13370595,,,,
11/22/2016,13393127,,,,
11/23/2016,13415733,,,,
11/24/2016,13440396,,,,
11/25/2016,13464713,,,,
11/26/2016,13490636,,,,
11/27/2016,13515392,,,,
11/28/2016,13538592,,,,
11/29/2016,13565016,,,,
11/30/2016,13590791,,,,
12/01/2016,13617093,,,,
12/02/2016,13645451,,,,
12/03/2016,13674250,,,,
12/04/2016,13702668,,,,
12/05/2016,13727941,,,,
12/06/2016,13750496,,,,
12/07/2016,13775925,,,,
12/08/2016,13802644,,,,
12/09/2016,13824467,,,,
12/10/2016,13849955,,,,
12/11/2016,13874543,,,,
12/12/2016,13893818,,,,
12/13/2016,13914782,,,,
12/14/2016,13944634,,,,
12/15/2016,13978163,,,,
12/16/2016,14007205,,,,
12/17/2016,14036939,,,,
12/18/2016,14066651,,,,
12/19/2016,14092474,,,,
12/20/2016,14119182,,,,
12/21/2016,14147945,,,,
12/22/2016,14173968,,,,
12/23/2016,14204541,,,,
12/24/2016,14232037,,,,
12/25/2016,14258833,,,,
12/26/2016,14283445,,,,
12/27/2016,14309690,,,,
12/28/2016,14335071,,,,
12/29/2016,14363160,,,,
12/30/2016,14390866,,,,
12/31/2016,14422432,,,,
01/01/2017,14450711,,,,
01/02/2017,14477090,,,,
01/03/2017,14503103,,,,
01/04/2017,14530034,,,,
01/05/2017,14555442,,,,
01/06/2017,14593111,,,,
01/07/2017,14629359,,,,
01/08/2017,14659865,,,,
01/09/2017,14685802,,,,
01/10/2017,14710965,,,,
01/11/2017,14736284,,,,
01/12/2017,14760183,,,,
01/13/2017,14789933,,,,
01/14/2017,14818283,,,,
01/15/2017,14846374,,,,
01/16/2017,14871938,,,,
01/17/2017,14894231,,,,
01/18/2017,14919890,,,,
01/19/2017,14946589,,,,
01/20/2017,14977284,,,,
01/21/2017,14999825,,,,
01/22/2017,15026732,,,,
01/23/2017,15049338,,,,
01/24/2017,15074139,,,,
01/25/2017,15101445,,,,
01/26/2017,15119990,,,,
01/27/2017,15149745,,,,
01/28/2017,15180641,,,,
01/29/2017,15208653,,,,
01/30/2017,15232924,,,,
01/31/2017,15257841,,,,
02/01/2017,15284178,,,,
02/02/2017,15311557,,,,
02/03/2017,15336937,,,,
02/04/2017,15365621,,,,
02/05/2017,15390345,,,,
02/06/2017,15423315,,,,
02/07/2017,15452999,,,,
02/08/2017,15481968,,,,
02/09/2017,15511307,,,,
02/10/2017,15544067,,,,
02/11/2017,15586979,,,,
02/12/2017,15625484,,,,
02/13/2017,15655864,,,,
02/14/2017,15693522,,,,
02/15/2017,15723523,,,,
02/16/2017,15759148,,,,
02/17/2017,15794814,,,,
02/18/2017,15830186,,,,
02/19/2017,15865266,,,,
02/20/2017,15897489,,,,
02/21/2017,15929249,,,,
02/22/2017,15965289,,,,
02/23/2017,15999024,,,,
02/24/2017,16032935,,,,
02/25/2017,16065961,,,,
02/26/2017,16099913,,,,
02/27/2017,16130786,,,,
02/28/2017,16161547,,,,
03/01/2017,16189878,,,,
03/02/2017,16221761,,,,
03/03/2017,16254803,,,,
03/04/2017,16291073,,,,
03/05/2017,16325128,,,,
03/06/2017,16358306,,,,
03/07/2017,16393062,,,,
03/08/2017,16425062,,,,
03/09/2017,16459108,,,,
03/10/2017,16494749,,,,
03/11/2017,16535399,,,,
03/12/2017,16583091,,,,
03/13/2017,16628154,,,,
03/14/2017,16668653,,,,
03/15/2017,16706913,,,,
03/16/2017,16752967,,,,
03/17/2017,16792296,,,,
03/18/2017,16829465,,,,
03/19/2017,16867317,,,,
03/20/2017,16902071,,,,
03/21/2017,16935487,,,,
03/22/2017,16970084,,,,
03/23/2017,17008874,,,,
03/24/2017,17046871,,,,
03/25/2017,17086792,,,,
03/26/2017,17127822,,,,
03/27/2017,17164204,,,,
03/28/2017,17203823,,,,
03/29/2017,17243790,,,,
03/30/2017,17284281,,,,
03/31/2017,17327650,,,,
04/01/2017,17371906,,,,
04/02/2017,17416804,,,,
04/03/2017,17456514,,,,
04/04/2017,17494335,,,,
04/05/2017,17529998,,,,
04/06/2017,17567183,,,,
04/07/2017,17606025,,,,
04/08/2017,17647886,,,,
04/09/2017,17688584,,,,
04/10/2017,17725060,,,,
04/11/2017,17760734,,,,
04/12/2017,17796976,,,,
04/13/2017,17834845,,,,
04/14/2017,17873795,,,,
04/15/2017,17913364,,,,
04/16/2017,17953653,,,,
04/17/2017,18000882,,,,
04/18/2017,18044968,,,,
04/19/2017,18085010,,,,
04/20/2017,18122858,,,,
04/21/2017,18165783,,,,
04/22/2017,18210757,,,,
04/23/2017,18255217,,,,
04/24/2017,18288497,,,,
04/25/2017,18326427,,,,
04/26/2017,18359541,,,,
04/27/2017,18400469,,,,
04/28/2017,18437043,,,,
04/29/2017,18476881,,,,
04/30/2017,18516995,,,,
05/01/2017,18554517,,,,
05/02/2017,18586072,,,,
05/03/2017,18621981,,,,
05/04/2017,18656929,,,,
05/05/2017,18690917,,,,
05/06/2017,18725846,,,,
05/07/2017,18762706,,,,
05/08/2017,18792461,,,,
05/09/2017,18826095,,,,
05/10/2017,18862774,,,,
05/11/2017,18892938,,,,
05/12/2017,18925353,,,,
05/13/2017,18959611,,,,
05/14/2017,18993710,,,,
05/15/2017,19031406,,,,
05/16/2017,19065633,,,,
05/17/2017,19099938,,,,
05/18/2017,19130673,,,,
05/19/2017,19164530,,,,
05/20/2017,19201320,,,,
05/21/2017,19235955,,,,
05/22/2017,19279009,,,,
05/23/2017,19314913,,,,
05/24/2017,19354017,,,,
05/25/2017,19390693,,,,
05/26/2017,19419771,,,,
05/27/2017,19451658,,,,
05/28/2017,19480988,,,,
05/29/2017,19508965,,,,
05/30/2017,19541298,,,,
05/31/2017,19573011,,,,
06/01/2017,19607185,,,,
06/02/2017,19641326,,,,
06/03/2017,19676359,,,,
06/04/2017,19709651,,,,
06/05/2017,19741590,,,,
06/06/2017,19772844,,,,
06/07/2017,19804493,,,,
06/08/2017,19838139,,,,
06/09/2017,19875347,,,,
06/10/2017,19912519,,,,
06/11/2017,19949844,,,,
06/12/2017,19978714,,,,
06/13/2017,20022609,,,,
06/14/2017,20060936,,,,
06/15/2017,20100238,,,,
06/16/2017,20140394,,,,
06/17/2017,20179972,,,,
06/18/2017,20213955,,,,
06/19/2017,20251732,,,,
06/20/2017,20291854,,,,
06/21/2017,20332075,,,,
06/22/2017,20374215,,,,
06/23/2017,20414329,,,,
06/24/2017,20454163,,,,
06/25/2017,20496881,,,,
06/26/2017,20536073,,,,
06/27/2017,20579817,,,,
06/28/2017,20624073,,,,
06/29/2017,20669045,,,,
06/30/2017,20713271,,,,
07/01/2017,20758279,,,,
07/02/2017,20804360,,,,
07/03/2017,20839639,,,,
07/04/2017,20893278,,,,
07/05/2017,20936246,,,,
07/06/2017,20982015,,,,
07/07/2017,21026163,,,,
07/08/2017,21074054,,,,
07/09/2017,21123257,,,,
07/10/2017,21173142,,,,
07/11/2017,21212742,,,,
07/12/2017,21253482,,,,
07/13/2017,21300749,,,,
07/14/2017,21351659,,,,
07/15/2017,21405118,,,,
07/16/2017,21453099,,,,
07/17/2017,21504912,,,,
07/18/2017,21556888,,,,
07/19/2017,21608247,,,,
07/20/2017,21667698,,,,
07/21/2017,21721539,,,,
07/22/2017,21777390,,,,
07/23/2017,21832131,,,,
07/24/2017,21885471,,,,
07/25/2017,21950667,,,,
07/26/2017,22006052,,,,
07/27/2017,22061610,,,,
07/28/2017,22115311,,,,
07/29/2017,22170700,,,,
07/30/2017,22226744,,,,
07/31/2017,22259495,,,,
08/01/2017,22307363,,,,
08/02/2017,22354113,,,,
08/03/2017,22406810,,,,
08/04/2017,22463853,,,,
08/05/2017,22511587,,,,
08/06/2017,22567098,,,,
08/07/2017,22618538,,,,
08/08/2017,22673859,,,,
08/09/2017,22726986,,,,
08/10/2017,22785579,,,,
08/11/2017,22842759,,,,
08/12/2017,22898106,,,,
08/13/2017,22951755,,,,
08/14/2017,23005116,,,,
08/15/2017,23056911,,,,
08/16/2017,23105326,,,,
08/17/2017,23158189,,,,
08/18/2017,23216342,,,,
08/19/2017,23271561,,,,
08/20/2017,23324523,,,,
08/21/2017,23371738,,,,
08/22/2017,23417926,,,,
08/23/2017,23466183,,,,
08/24/2017,23516506,,,,
08/25/2017,23571376,,,,
08/26/2017,23622996,,,,
08/27/2017,23673664,,,,
08/28/2017,23715416,,,,
08/29/2017,23761471,,,,
08/30/2017,23808205,,,,
08/31/2017,23859529,,,,
09/01/2017,23911750,,,,
09/02/2017,23965016,,,,
09/03/2017,24019969,,,,
09/04/2017,24074520,,,,
09/05/2017,24124545,,,,
09/06/2017,24169809,,,,
09/07/2017,24221051,,,,
09/08/2017,24271190,,,,
09/09/2017,24321371,,,,
09/10/2017,24377531,,,,
09/11/2017,24422975,,,,
09/12/2017,24469684,,,,
09/13/2017,24514155,,,,
09/14/2017,24563840,,,,
09/15/2017,24614063,,,,
09/16/2017,24668608,,,,
09/17/2017,24724690,,,,
09/18/2017,24771422,,,,
09/19/2017,24819610,,,,
09/20/2017,24869481,,,,
09/21/2017,24915428,,,,
09/22/2017,24963844,,,,
09/23/2017,25012665,,,,
09/24/2017,25064290,,,,
09/25/2017,25112470,,,,
09/26/2017,25159980,,,,
09/27/2017,25207468,,,,
09/28/2017,25258194,,,,
09/29/2017,25318370,,,,
09/30/2017,25371959,,,,
10/01/2017,25425240,,,,
10/02/2017,25480111,,,,
10/03/2017,25527667,,,,
10/04/2017,25581072,,,,
10/05/2017,25634885,,,,
10/06/2017,25686646,,,,
10/07/2017,25738824,,,,
10/08/2017,25794399,,,,
10/09/2017,25843526,,,,
10/10/2017,25888999,,,,
10/11/2017,25938088,,,,
10/12/2017,25990399,,,,
10/13/2017,26044685,,,,
10/14/2017,26104309,,,,
10/15/2017,26163519,,,,
10/16/2017,26215301,,,,
10/17/2017,26274759,,,,
10/18/2017,26333031,,,,
10/19/2017,26390776,,,,
10/20/2017,26450228,,,,
10/21/2017,26511782,,,,
10/22/2017,26569094,,,,
10/23/2017,26618880,,,,
10/24/2017,26666517,,,,
10/25/2017,26728697,,,,
10/26/2017,26793496,,,,
10/27/2017,26852073,,,,
10/28/2017,26912580,,,,
10/29/2017,26974079,,,,
10/30/2017,27025880,,,,
10/31/2017,27076523,,,,
11/01/2017,27131071,,,,
11/02/2017,27184885,,,,
11/03/2017,27238710,,,,
11/04/2017,27294932,,,,
11/05/2017,27354716,,,,
11/06/2017,27403957,,,,
11/07/2017,27454587,,,,
11/08/2017,27505529,,,,
11/09/2017,27556737,,,,
11/10/2017,27610535,,,,
11/11/2017,27677530,,,,
11/12/2017,27739075,,,,
11/13/2017,27791990,,,,
11/14/2017,27846815,,,,
11/15/2017,27897961,,,,
11/16/2017,27950519,,,,
11/17/2017,28010394,,,,
11/18/2017,28070330,,,,
11/19/2017,28130691,,,,
11/20/2017,28183408,,,,
11/21/2017,28241651,,,,
11/22/2017,28307260,,,,
11/23/2017,28365084,,,,
11/24/2017,28425960,,,,
11/25/2017,28489151,,,,
11/26/2017,28553631,,,,
11/27/2017,28607557,,,,
11/28/2017,28668017,,,,
11/29/2017,28726209,,,,
11/30/2017,28786539,,,,
12/01/2017,28849947,,,,
12/02/2017,28918859,,,,
12/03/2017,28984025,,,,
12/04/2017,29042764,,,,
12/05/2017,29098711,,,,
12/06/2017,29155021,,,,
12/07/2017,29213344,,,,
12/08/2017,29280238,,,,
12/09/2017,29334514,,,,
12/10/2017,29412655,,,,
12/11/2017,29464942,,,,
12/12/2017,29528413,,,,
12/13/2017,29585787,,,,
12/14/2017,29691778,,,,
12/15/2017,29769010,,,,
12/16/2017,29823920,,,,
12/17/2017,29906960,,,,
12/18/2017,29995668,,,,
12/19/2017,30050046,,,,
12/20/2017,30156292,,,,
12/21/2017,30242313,,,,
12/22/2017,30303839,,,,
12/23/2017,30404955,,,,
12/24/2017,30492664,,,,
12/25/2017,30593517,,,,
12/26/2017,30706006,,,,
12/27/2017,30807028,,,,
12/28/2017,30894907,,,,
12/29/2017,30968201,,,,
12/30/2017,31086265,,,,
12/31/2017,31188314,,,,
01/01/2018,31277729,,,,
01/02/2018,31341086,,,,
01/03/2018,31449485,,,,
01/04/2018,31507171,,,,
01/05/2018,31582013,,,,
01/06/2018,31695191,,,,
01/07/2018,31783631,,,,
01/08/2018,31870007,,,,
01/09/2018,31935864,,,,
01/10/2018,32012593,,,,
01/11/2018,32124756,,,,
01/12/2018,32191046,,,,
01/13/2018,32314045,,,,
01/14/2018,32409211,,,,
01/15/2018,32467016,,,,
01/16/2018,32583942,,,,
01/17/2018,32651960,,,,
01/18/2018,32774639,,,,
01/19/2018,32867228,,,,
01/20/2018,32977892,,,,
01/21/2018,33081112,,,,
01/22/2018,33170182,,,,
01/23/2018,33255557,,,,
01/24/2018,33368492,,,,
01/25/2018,33480128,,,,
01/26/2018,33556174,,,,
01/27/2018,33662588,,,,
01/28/2018,33761074,,,,
01/29/2018,33883478,,,,
01/30/2018,33965342,,,,
01/31/2018,34101352,,,,
02/01/2018,34202927,,,,
02/02/2018,34301927,,,,
02/03/2018,34411161,,,,
02/04/2018,34528053,,,,
02/05/2018,34615962,,,,
02/06/2018,34734201,,,,
02/07/2018,34837255,,,,
02/08/2018,34939227,,,,
02/09/2018,35043828,,,,
02/10/2018,35106201,,,,
02/11/2018,35250775,,,,
02/12/2018,35344118,,,,
02/13/2018,35431706,,,,
02/14/2018,35512126,,,,
02/15/2018,35633882,,,,
02/16/2018,35724060,,,,
02/17/2018,35799195,,,,
02/18/2018,35942209,,,,
02/19/2018,36044198,,,,
02/20/2018,36141097,,,,
02/21/2018,36242243,,,,
02/22/2018,36337233,,,,
02/23/2018,36464548,,,,
02/24/2018,36579735,,,,
02/25/2018,36682616,,,,
02/26/2018,36786127,,,,
02/27/2018,36886535,,,,
02/28/2018,36971472,,,,
03/01/2018,37123322,,,,
03/02/2018,37257033,,,,
03/03/2018,37389575,,,,
03/04/2018,37456660,,,,
03/05/2018,37611640,,,,
03/06/2018,37708552,,,,
03/07/2018,37810487,,,,
03/08/2018,37913835,,,,
03/09/2018,38019602,,,,
03/10/2018,38154518,,,,
03/11/2018,38279876,,,,
03/12/2018,38352295,,,,
03/13/2018,38489148,,,,
03/14/2018,38602291,,,,
03/15/2018,38679473,,,,
03/16/2018,38814046,,,,
03/17/2018,38925360,,,,
03/18/2018,39032811,,,,
03/19/2018,39154787,,,,
03/20/2018,39277920,,,,
03/21/2018,39403718,,,,
03/22/2018,39527522,,,,
03/23/2018,39645806,,,,
03/24/2018,39699915,,,,
03/25/2018,39819716,,,,
03/26/2018,39938025,,,,
03/27/2018,40059221,,,,
03/28/2018,40187351,,,,
03/29/2018,40239646,,,,
03/30/2018,40357904,,,,
03/31/2018,40472236,,,,
04/01/2018,40583349,,,,
04/02/2018,40695576,,,,
04/03/2018,40802175,,,,
04/04/2018,40927800,,,,
04/05/2018,41039064,,,,
04/06/2018,41149933,,,,
04/07/2018,41255705,,,,
04/08/2018,41362144,,,,
04/09/2018,41460426,,,,
04/10/2018,41516294,,,,
04/11/2018,41650583,,,,
04/12/2018,41719275,,,,
04/13/2018,41834963,,,,
04/14/2018,41961634,,,,
04/15/2018,42072982,,,,
04/16/2018,42123239,,,,
04/17/2018,42243728,,,,
04/18/2018,42387254,,,,
04/19/2018,42507333,,,,
04/20/2018,42560138,,,,
04/21/2018,42687432,,,,
04/22/2018,42790706,,,,
04/23/2018,42886826,,,,
04/24/2018,43026425,,,,
04/25/2018,43091531,,,,
04/26/2018,43209393,,,,
04/27/2018,43358474,,,,
04/28/2018,43450073,,,,
04/29/2018,43571266,,,,
04/30/2018,43697800,,,,
05/01/2018,43814338,,,,
05/02/2018,43946489,,,,
05/03/2018,44003184,,,,
05/04/2018,44112463,,,,
05/05/2018,44259163,,,,
05/06/2018,44364488,,,,
05/07/2018,44461867,,,,
05/08/2018,44565316,,,,
05/09/2018,44680003,,,,
05/10/2018,44815267,,,,
05/11/2018,44863051,,,,
05/12/2018,45005523,,,,
05/13/2018,45145647,,,,
05/14/2018,45253001,,,,
05/15/2018,45308682,,,,
05/16/2018,45456291,,,,
05/17/2018,45519683,,,,
05/18/2018,45632755,,,,
05/19/2018,45738606,,,,
05/20/2018,45839554,,,,
05/21/2018,45894763,,,,
05/22/2018,45997900,,,,
05/23/2018,46125867,,,,
05/24/2018,46240433,,,,
05/25/2018,46298652,,,,
05/26/2018,46432047,,,,
05/27/2018,46560155,,,,
05/28/2018,46664607,,,,
05/29/2018,46763323,,,,
05/30/2018,46860194,,,,
05/31/2018,46958291,,,,
06/01/2018,47055318,,,,
06/02/2018,47150948,,,,
06/03/2018,47296260,,,,
06/04/2018,47395854,,,,
06/05/2018,47487142,,,,
06/06/2018,47676031,,,,
06/07/2018,47816343,,,,
06/08/2018,47942464,,,,
06/09/2018,48079705,,,,
06/10/2018,48184515,,,,
06/11/2018,48333266,,,,
06/12/2018,48443604,,,,
06/13/2018,48553598,,,,
06/14/2018,48662819,,,,
06/15/2018,48775950,,,,
06/16/2018,48899849,,,,
06/17/2018,49028820,,,,
06/18/2018,49146040,,,,
06/19/2018,49268947,,,,
06/20/2018,49393326,,,,
06/21/2018,49472158,,,,
06/22/2018,49592295,,,,
06/23/2018,49750374,,,,
06/24/2018,49850779,,,,
06/25/2018,49958920,,,,
06/26/2018,50078219,,,,
06/27/2018,50204859,,,,
06/28/2018,50383384,,,,
06/29/2018,50552194,,,,
06/30/2018,50711069,,,,
07/01/2018,50857125,,,,
07/02/2018,50981678,,,,
07/03/2018,51107254,,,,
07/04/2018,51272138,,,,
07/05/2018,51445740,,,,
07/06/2018,51610977,,,,
07/07/2018,51760018,,,,
07/08/2018,51943550,,,,
07/09/2018,52041945,,,,
07/10/2018,52249990,,,,
07/11/2018,52408654,,,,
07/12/2018,52563449,,,,
07/13/2018,52741105,,,,
07/14/2018,52895623,,,,
07/15/2018,53050901,,,,
07/16/2018,53186215,,,,
07/17/2018,53309882,,,,
07/18/2018,53463676,,,,
07/19/2018,53618841,,,,
07/20/2018,53763330,,,,
07/21/2018,53910864,,,,
07/22/2018,54053768,,,,
07/23/2018,54188118,,,,
07/24/2018,54321125,,,,
07/25/2018,54482413,,,,
07/26/2018,54637526,,,,
07/27/2018,54786199,,,,
07/28/2018,54938466,,,,
07/29/2018,55088028,,,,
07/30/2018,55217436,,,,
07/31/2018,55354639,,,,
08/01/2018,55483628,,,,
08/02/2018,55623157,,,,
08/03/2018,55766263,,,,
08/04/2018,55917152,,,,
08/05/2018,56065007,,,,
08/06/2018,56199235,,,,
08/07/2018,56330975,,,,
08/08/2018,56465637,,,,
08/09/2018,56604743,,,,
08/10/2018,56756936,,,,
08/11/2018,56908902,,,,
08/12/2018,57057032,,,,
08/13/2018,57189779,,,,
08/14/2018,57332391,,,,
08/15/2018,57476884,,,,
08/16/2018,57616373,,,,
08/17/2018,57770965,,,,
08/18/2018,57930208,,,,
08/19/2018,58076109,,,,
08/20/2018,58209921,,,,
08/21/2018,58349835,,,,
08/22/2018,58512383,,,,
08/23/2018,58672325,,,,
08/24/2018,58843068,,,,
08/25/2018,59021613,,,,
08/26/2018,59183458,,,,
08/27/2018,59321134,,,,
08/28/2018,59456612,,,,
08/29/2018,59601023,,,,
08/30/2018,59749727,,,,
08/31/2018,59905409,,,,
09/01/2018,60069257,,,,
09/02/2018,60230690,,,,
09/03/2018,60388565,,,,
09/04/2018,60527433,,,,
09/05/2018,60672137,,,,
09/06/2018,60823049,,,,
09/07/2018,60989219,,,,
09/08/2018,61160774,,,,
09/09/2018,61339287,,,,
09/10/2018,61485133,,,,
09/11/2018,61633355,,,,
09/12/2018,61785573,,,,
09/13/2018,61933088,,,,
09/14/2018,62079922,,,,
09/15/2018,62227583,,,,
09/16/2018,62377463,,,,
09/17/2018,62502804,,,,
09/18/2018,62620943,,,,
09/19/2018,62753702,,,,
09/20/2018,62881342,,,,
09/21/2018,63001986,,,,
09/22/2018,63128896,,,,
09/23/2018,63252290,,,,
09/24/2018,63350340,,,,
09/25/2018,63459334,,,,
09/26/2018,63576310,,,,
09/27/2018,63690980,,,,
09/28/2018,63816999,,,,
09/29/2018,63939196,,,,
09/30/2018,64063604,,,,
10/01/2018,64171313,,,,
10/02/2018,64292786,,,,
10/03/2018,64400263,,,,
10/04/2018,64510406,,,,
10/05/2018,64601280,,,,
10/06/2018,64740349,,,,
10/07/2018,64866194,,,,
10/08/2018,64970335,,,,
10/09/2018,65074630,,,,
10/10/2018,65182447,,,,
10/11/2018,65287329,,,,
10/12/2018,65440143,,,,
10/13/2018,65566821,,,,
10/14/2018,65682311,,,,
10/15/2018,65820861,,,,
10/16/2018,65960308,,,,
10/17/2018,66118350,,,,
10/18/2018,66268631,,,,
10/19/2018,66397985,,,,
10/20/2018,66549776,,,,
10/21/2018,66690613,,,,
10/22/2018,66809620,,,,
10/23/2018,66930118,,,,
10/24/2018,67052036,,,,
10/25/2018,67174605,,,,
10/26/2018,67320028,,,,
10/27/2018,67485485,,,,
10/28/2018,67641032,,,,
10/29/2018,67784486,,,,
10/30/2018,67916137,,,,
10/31/2018,68061653,,,,
11/01/2018,68194817,,,,
11/02/2018,68327716,,,,
11/03/2018,68469626,,,,
11/04/2018,68624584,,,,
11/05/2018,68762517,,,,
11/06/2018,68900910,,,,
11/07/2018,69046334,,,,
11/08/2018,69198968,,,,
11/09/2018,69357365,,,,
11/10/2018,69526411,,,,
11/11/2018,69678608,,,,
11/12/2018,69806935,,,,
11/13/2018,69945306,,,,
11/14/2018,70071890,,,,
11/15/2018,70216961,,,,
11/16/2018,70348476,,,,
11/17/2018,70480573,,,,
11/18/2018,70618001,,,,
11/19/2018,70746901,,,,
11/20/2018,70875999,,,,
11/21/2018,71008398,,,,
11/22/2018,71150569,,,,
11/23/2018,71332357,,,,
11/24/2018,71506867,,,,
11/25/2018,71665921,,,,
11/26/2018,71812592,,,,
11/27/2018,71986960,,,,
11/28/2018,72156922,,,,
11/29/2018,72335431,,,,
11/30/2018,72540915,,,,
12/01/2018,72783366,,,,
12/02/2018,73109515,,,,
12/03/2018,73410923,,,,
12/04/2018,73721976,,,,
12/05/2018,73982223,,,,
12/06/2018,74208335,,,,
12/07/2018,74438170,,,,
12/08/2018,74635865,,,,
12/09/2018,74825240,,,,
12/10/2018,74989383,,,,
12/11/2018,75127757,,,,
12/12/2018,75284522,,,,
12/13/2018,75448639,,,,
12/14/2018,75395083,,,,
12/15/2018,75567839,,,,
12/16/2018,75728014,,,,
12/17/2018,75867209,,,,
12/18/2018,76006128,,,,
12/19/2018,76156990,,,,
12/20/2018,76305943,,,,
12/21/2018,76404335,,,,
12/22/2018,76705532,,,,
12/23/2018,76888212,,,,
12/24/2018,77048911,,,,
12/25/2018,77214779,,,,
12/26/2018,77389687,,,,
12/27/2018,77551173,,,,
12/28/2018,77696102,,,,
12/29/2018,77848441,,,,
12/30/2018,78002230,,,,
12/31/2018,78169372,,,,
01/01/2019,78348161,,,,
01/02/2019,78521528,,,,
01/03/2019,78688717,,,,
01/04/2019,78856061,,,,
01/05/2019,79029244,,,,
01/06/2019,79214421,,,,
01/07/2019,79359506,,,,
01/08/2019,79487954,,,,
01/09/2019,79670186,,,,
01/10/2019,79816878,,,,
01/11/2019,79965479,,,,
01/12/2019,80156616,,,,
01/13/2019,80333408,,,,
01/14/2019,80499489,,,,
01/15/2019,80651251,,,,
01/16/2019,80814014,,,,
01/17/2019,80972126,,,,
01/18/2019,81123799,,,,
01/19/2019,81292036,,,,
01/20/2019,81481436,,,,
01/21/2019,81653597,,,,
01/22/2019,81822055,,,,
01/23/2019,81974097,,,,
01/24/2019,82133859,,,,
01/25/2019,82306241,,,,
01/26/2019,82478609,,,,
01/27/2019,82640150,,,,
01/28/2019,82785087,,,,
01/29/2019,82922704,,,,
01/30/2019,83056731,,,,
01/31/2019,83189781,,,,
02/01/2019,83331200,,,,
02/02/2019,83492502,,,,
02/03/2019,83703293,,,,
02/04/2019,83887929,,,,
02/05/2019,84069261,,,,
02/06/2019,84227631,,,,
02/07/2019,84390154,,,,
02/08/2019,84543489,,,,
02/09/2019,84712360,,,,
02/10/2019,84894719,,,,
02/11/2019,85042260,,,,
02/12/2019,85193805,,,,
02/13/2019,85391513,,,,
02/14/2019,85550285,,,,
02/15/2019,85692635,,,,
02/16/2019,85835893,,,,
02/17/2019,85985321,,,,
02/18/2019,86113028,,,,
02/19/2019,86267079,,,,
02/20/2019,86404745,,,,
02/21/2019,86537911,,,,
02/22/2019,86696117,,,,
02/23/2019,86838844,,,,
02/24/2019,86978346,,,,
02/25/2019,87100208,,,,
02/26/2019,87208182,,,,
02/27/2019,87317303,,,,
02/28/2019,87431079,,,,
03/01/2019,87548726,,,,
03/02/2019,87686031,,,,
03/03/2019,87847974,,,,
03/04/2019,87971361,,,,
03/05/2019,88087881,,,,
03/06/2019,88196326,,,,
03/07/2019,88351142,,,,
03/08/2019,88479998,,,,
03/09/2019,88630978,,,,
03/10/2019,88765375,,,,
03/11/2019,88931743,,,,
03/12/2019,89101588,,,,
03/13/2019,89260189,,,,
03/14/2019,89406423,,,,
03/15/2019,89556441,,,,
03/16/2019,89704710,,,,
03/17/2019,89869652,,,,
03/18/2019,90033080,,,,
03/19/2019,90209508,,,,
03/20/2019,90426388,,,,
03/21/2019,90669347,,,,
03/22/2019,90873346,,,,
03/23/2019,91033754,,,,
03/24/2019,91189041,,,,
03/25/2019,91327842,,,,
03/26/2019,91463035,,,,
03/27/2019,91596264,,,,
03/28/2019,91734148,,,,
03/29/2019,91851301,,,,
03/30/2019,91969263,,,,
03/31/2019,92095524,,,,
04/01/2019,92232989,,,,
04/02/2019,92380721,,,,
04/03/2019,92457425,,,,
